tau,5 rounds,title bout,female,overlap_KOw_0-2ya,overlap_KOl_0-2ya,overlap_Subw_0-2ya,overlap_Subl_0-2ya,overlap_Decw_0-2ya,overlap_Decl_0-2ya,overlap_wins_any_0-2ya,overlap_losses_any_0-2ya,overlap_fought_any_0-2ya,overlap_KOw_vs_KOl_0-2ya,overlap_KOw_vs_Subw_0-2ya,overlap_KOw_vs_Subl_0-2ya,overlap_KOw_vs_Decw_0-2ya,overlap_KOw_vs_Decl_0-2ya,overlap_KOl_vs_KOw_0-2ya,overlap_KOl_vs_Subw_0-2ya,overlap_KOl_vs_Subl_0-2ya,overlap_KOl_vs_Decw_0-2ya,overlap_KOl_vs_Decl_0-2ya,overlap_Subw_vs_KOw_0-2ya,overlap_Subw_vs_KOl_0-2ya,overlap_Subw_vs_Subl_0-2ya,overlap_Subw_vs_Decw_0-2ya,overlap_Subw_vs_Decl_0-2ya,overlap_Subl_vs_KOw_0-2ya,overlap_Subl_vs_KOl_0-2ya,overlap_Subl_vs_Subw_0-2ya,overlap_Subl_vs_Decw_0-2ya,overlap_Subl_vs_Decl_0-2ya,overlap_Decw_vs_KOw_0-2ya,overlap_Decw_vs_KOl_0-2ya,overlap_Decw_vs_Subw_0-2ya,overlap_Decw_vs_Subl_0-2ya,overlap_Decw_vs_Decl_0-2ya,overlap_Decl_vs_KOw_0-2ya,overlap_Decl_vs_KOl_0-2ya,overlap_Decl_vs_Subw_0-2ya,overlap_Decl_vs_Subl_0-2ya,overlap_Decl_vs_Decw_0-2ya,age f1,age f2,height f1,height f2,reach f1,reach f2,has title bout f1,has title bout f2,has 5 rounds f1,has 5 rounds f2,has round 1 fought f1,has round 1 fought f2,has round 2 fought f1,has round 2 fought f2,has round 3 fought f1,has round 3 fought f2,has round 4 fought f1,has round 4 fought f2,has round 5 fought f1,has round 5 fought f2,tot title bout f1,tot title bout f2,tot 5 rounds f1,tot 5 rounds f2,tot round 1 fought f1,tot round 1 fought f2,tot round 2 fought f1,tot round 2 fought f2,tot round 3 fought f1,tot round 3 fought f2,tot round 4 fought f1,tot round 4 fought f2,tot round 5 fought f1,tot round 5 fought f2,tot r1 time f1,tot r1 time f2,tot r2 time f1,tot r2 time f2,tot r3 time f1,tot r3 time f2,tot r4 time f1,tot r4 time f2,tot r5 time f1,tot r5 time f2,weeks active f1,weeks active f2,last fight wa f1,last fight wa f2,Klog f1,Klog f2,Kcust f1,Kcust f2,xp_score f1,xp_score f2,Klogr2 f1,Klogr2 f2,Kcustr2 f1,Kcustr2 f2,xp_scorer2 f1,xp_scorer2 f2,Klogr3 f1,Klogr3 f2,Kcustr3 f1,Kcustr3 f2,xp_scorer3 f1,xp_scorer3 f2,Klogr4 f1,Klogr4 f2,Kcustr4 f1,Kcustr4 f2,xp_scorer4 f1,xp_scorer4 f2,Klogr5 f1,Klogr5 f2,Kcustr5 f1,Kcustr5 f2,xp_scorer5 f1,xp_scorer5 f2,R f1,R f2,E f1,E f2,SSavgRf1,SSavgRf2,TSavgRf1,TSavgRf2,TDavgRf1,TDavgRf2,HSavgRf1,HSavgRf2,BSavgRf1,BSavgRf2,LSavgRf1,LSavgRf2,DSavgRf1,DSavgRf2,CSavgRf1,CSavgRf2,GSavgRf1,GSavgRf2,SSlavgRf1,SSlavgRf2,TSlavgRf1,TSlavgRf2,TDlavgRf1,TDlavgRf2,HSlavgRf1,HSlavgRf2,BSlavgRf1,BSlavgRf2,LSlavgRf1,LSlavgRf2,DSlavgRf1,DSlavgRf2,CSlavgRf1,CSlavgRf2,GSlavgRf1,GSlavgRf2,CTavgRf1,CTavgRf2,SAavgRf1,SAavgRf2,KDavgRf1,KDavgRf2,SSavgE,TSavgE,TDavgE,HSavgE,BSavgE,LSavgE,DSavgE,CSavgE,GSavgE,SSlavgE,TSlavgE,TDlavgE,HSlavgE,BSlavgE,LSlavgE,DSlavgE,CSlavgE,GSlavgE,CTavgE,SAavgE,KDavgE,SSAavg_REMOVE_Rf1,SSAavg_REMOVE_Rf2,TSAavg_REMOVE_Rf1,TSAavg_REMOVE_Rf2,TDAavg_REMOVE_Rf1,TDAavg_REMOVE_Rf2,HSAavg_REMOVE_Rf1,HSAavg_REMOVE_Rf2,BSAavg_REMOVE_Rf1,BSAavg_REMOVE_Rf2,LSAavg_REMOVE_Rf1,LSAavg_REMOVE_Rf2,DSAavg_REMOVE_Rf1,DSAavg_REMOVE_Rf2,CSAavg_REMOVE_Rf1,CSAavg_REMOVE_Rf2,GSAavg_REMOVE_Rf1,GSAavg_REMOVE_Rf2,SSDavg_REMOVE_Rf1,SSDavg_REMOVE_Rf2,TSDavg_REMOVE_Rf1,TSDavg_REMOVE_Rf2,TDDavg_REMOVE_Rf1,TDDavg_REMOVE_Rf2,HSDavg_REMOVE_Rf1,HSDavg_REMOVE_Rf2,BSDavg_REMOVE_Rf1,BSDavg_REMOVE_Rf2,LSDavg_REMOVE_Rf1,LSDavg_REMOVE_Rf2,DSDavg_REMOVE_Rf1,DSDavg_REMOVE_Rf2,CSDavg_REMOVE_Rf1,CSDavg_REMOVE_Rf2,GSDavg_REMOVE_Rf1,GSDavg_REMOVE_Rf2,SSAavgRf1,SSAavgRf2,TSAavgRf1,TSAavgRf2,TDAavgRf1,TDAavgRf2,HSAavgRf1,HSAavgRf2,BSAavgRf1,BSAavgRf2,LSAavgRf1,LSAavgRf2,DSAavgRf1,DSAavgRf2,CSAavgRf1,CSAavgRf2,GSAavgRf1,GSAavgRf2,SSDavgRf1,SSDavgRf2,TSDavgRf1,TSDavgRf2,TDDavgRf1,TDDavgRf2,HSDavgRf1,HSDavgRf2,BSDavgRf1,BSDavgRf2,LSDavgRf1,LSDavgRf2,DSDavgRf1,DSDavgRf2,CSDavgRf1,CSDavgRf2,GSDavgRf1,GSDavgRf2,SSAavgE,TSAavgE,TDAavgE,HSAavgE,BSAavgE,LSAavgE,DSAavgE,CSAavgE,GSAavgE,SSDavgE,TSDavgE,TDDavgE,HSDavgE,BSDavgE,LSDavgE,DSDavgE,CSDavgE,GSDavgE,tot_KOw_0-2ya_f1,tot_KOw_0-2ya_f2,tot_KOl_0-2ya_f1,tot_KOl_0-2ya_f2,tot_Subw_0-2ya_f1,tot_Subw_0-2ya_f2,tot_Subl_0-2ya_f1,tot_Subl_0-2ya_f2,tot_Decw_0-2ya_f1,tot_Decw_0-2ya_f2,tot_Decl_0-2ya_f1,tot_Decl_0-2ya_f2,tot_wins_any_0-2ya_f1,tot_wins_any_0-2ya_f2,tot_losses_any_0-2ya_f1,tot_losses_any_0-2ya_f2,tot_fought_any_0-2ya_f1,tot_fought_any_0-2ya_f2,weightclass
1278,0,0,1,0,0,0,0,0,0,0,0,0,0,0,0,0,0,0,0,0,0,0,0,0,0,0,0,0,0,0,0,0,0,0,0,0,0,0,0,0,0,0,1749,1708,160.02,152.4,62.0,61.0,0.0,0.0,0.0,0.0,1.0,1.0,1.0,1.0,1.0,1.0,0.0,0.0,0.0,0.0,0.0,0.0,0.0,0.0,2.0,3.0,2.0,2.0,2.0,2.0,0.0,0.0,0.0,0.0,600.0,635.0,600.0,600.0,600.0,521.0,0.0,0.0,0.0,0.0,44.0,137.0,32.0,12.0,48.708181412061975,48.27570980235655,33.55409377044654,21.98054765542151,4.269210429700835,5.427491071436782,48.708181412061975,48.708181412061975,33.55409377044654,22.579301041497978,4.269210429700835,5.109653826240999,48.708181412061975,48.708181412061975,33.55409377044654,22.579301041497978,4.269210429700835,5.109653826240999,49.280551601516336,49.280551601516336,41.66872087886076,26.17651730311889,2.85499686732774,3.695440263867904,49.280551601516336,49.280551601516336,41.66872087886076,26.17651730311889,2.85499686732774,3.695440263867904,1472.3221830434404,1455.0417562853463,0.5495736619156735,0.4504263380843265,1505.0248412458584,1465.6833081180357,1504.7713339446047,1471.9456637196604,1508.5357553217086,1486.5591118257469,1507.0920317227158,1462.4132398876502,1503.476162759832,1475.480723359007,1503.26863299583,1551.272563878798,1505.6398771263227,1508.1937599019543,1513.02119692569,1475.4605160383746,1539.268918975325,1424.0604753219943,1507.8735920900408,1449.674810654907,1506.2972937411946,1465.4961550150012,1514.4093690280574,1494.5053458857667,1511.9911653540564,1441.7481646483795,1506.3521737439198,1444.7084108704262,1501.3917352898077,1549.428082048493,1509.050455660855,1492.2565107646658,1521.869903409398,1454.6228254463224,1520.6130251377797,1422.8851001007188,1536.1203797938388,1462.410415526968,,1499.8051109211467,,1481.7123822761178,0.6113370999991274,0.5933712124985928,0.5629185683143716,0.6258335291523004,0.5798869690404146,0.3652461726776936,0.4926498640080161,0.6064545727107615,0.7902422457076118,0.6615117201169395,0.6153223270545208,0.5570390023473296,0.6918329314287254,0.6703348778491578,0.3651596534551433,0.5481868374369772,0.6844310256438996,0.754939837088985,0.7002770143487129,0.5005609356243632,0.5524424122979769,1495.4514703868442,1472.3514885831396,1496.9947063988434,1495.3441797016972,1466.759522376111,1505.7253844527845,1491.595344283369,1446.9428662457456,1515.6747594525004,1475.19159669167,1535.2263193277488,1532.2384079812634,1495.998080441954,1473.3305149695962,1495.8840110669232,1472.8432815675494,1460.2793266568356,1476.812800011401,1508.35762181235,1480.932544883888,1502.387408211373,1479.7095910341377,1499.3681585976549,1472.191300012843,1514.988254382058,1482.4379336562415,1489.838170747602,1448.7601416807845,1455.3151309951477,1484.2518068957258,1508.2900658101726,1510.687046269982,1494.3826684742205,1454.6228254463224,,1446.5201818122612,1495.4514703868442,1472.3514885831396,1496.9947063988434,1495.3441797016972,1466.759522376111,1505.7253844527845,1491.595344283369,1446.9428662457456,1515.6747594525004,1475.19159669167,1535.2263193277488,1532.2384079812634,1495.998080441954,1473.3305149695962,1495.8840110669232,1472.8432815675494,1460.2793266568356,1476.812800011401,1508.35762181235,1480.932544883888,1502.387408211373,1479.7095910341377,1499.3681585976549,1472.191300012843,1514.988254382058,1482.4379336562415,1489.838170747602,1448.7601416807845,1455.3151309951477,1484.2518068957258,1508.2900658101726,1510.687046269982,1494.3826684742205,1454.6228254463224,,1446.5201818122612,0.5660979663011956,0.5047504547659251,0.3896910483109713,0.6257625861657189,0.6144554399479162,0.5085990522122167,0.5648747222941664,0.5659303972602441,0.4525560036065757,0.5782864071975886,0.5649037321063328,0.5775893361805858,0.5926061044302493,0.6160766080335245,0.4174754007444466,0.4931013734568032,0.6124807786964307,0.6492420362333896,0,0,0,0,0,0,0,0,0,0,0,0,0,0,0,0,0,0,1
1278,0,0,0,0,0,0,0,0,0,0,0,0,0,0,0,0,0,0,0,0,0,0,0,0,0,0,0,0,0,0,0,0,0,0,0,0,0,0,0,0,0,0,1781,1525,172.72,172.72,69.0,69.0,0.0,0.0,0.0,0.0,1.0,1.0,1.0,1.0,1.0,1.0,0.0,0.0,0.0,0.0,0.0,0.0,0.0,0.0,3.0,2.0,2.0,2.0,2.0,2.0,0.0,0.0,0.0,0.0,796.0,600.0,600.0,600.0,600.0,600.0,0.0,0.0,0.0,0.0,187.0,89.0,124.0,24.0,48.27570980235655,48.708181412061975,62.10306586424426,28.214722656435644,5.659382279691339,4.789070815120794,48.708181412061975,48.708181412061975,64.61541992294836,28.214722656435644,5.341545034495557,4.789070815120794,48.708181412061975,48.708181412061975,64.61541992294836,28.214722656435644,5.341545034495557,4.789070815120794,49.280551601516336,49.280551601516336,79.53389056475014,33.784517875583575,3.9273314721224617,3.3748572527476988,49.280551601516336,49.280551601516336,79.53389056475014,33.784517875583575,3.9273314721224617,3.3748572527476988,1557.061244924599,1567.5672637640855,0.4697980595548153,0.5302019404451846,1510.5892923933984,1482.2164700130131,1513.3304430684975,1501.1716311517955,1532.5597656720684,1543.0025745202788,1498.5073014485208,1478.063816628835,1510.656617530977,1496.2705372119117,1571.2482171824258,1469.1106316966147,1508.7694490312304,1484.1588568741822,1501.5588536090777,1461.4556521335055,1512.9777468350744,1519.8101357920025,1517.8044177316556,1478.472800490984,1514.349828999842,1504.3221831193891,1514.5985689717809,1544.9275935308128,1495.7131184790085,1477.6371233302557,1512.8867203470074,1486.0136761412562,1578.0040444163044,1467.2805153508746,1528.7690118464118,1477.4685108198437,1498.7875972631496,1478.6636603159843,1506.2367146942156,1523.1977401242093,1518.819355086789,1548.5561548420155,1513.795760528259,1480.250871990719,,,0.5809450675619419,0.5349388391430878,0.4699793327046398,0.558570943787767,0.5413120716097684,0.7642102462781216,0.5703648572336587,0.6134186117043183,0.4803449374256826,0.6113099745693752,0.5288298713134005,0.4135823018943312,0.5518399374734401,0.5767357143871986,0.7815550817929797,0.6435071247885853,0.5576636373726733,0.4513367769446026,0.4152369116711085,0.5953675451167507,0.5,1502.3102344204704,1495.4789022716066,1518.138641612143,1503.5428981022797,1473.4286550503157,1489.360613253751,1476.5489036621454,1492.947472708486,1526.0606410458245,1470.6350665487969,1534.845585260126,1485.795010699818,1498.6132837772418,1478.3310452637677,1474.0064599049565,1467.6523144359423,1498.480876192714,1457.024761642272,1514.3875908506095,1491.8850395965155,1489.603590744759,1491.6593729055044,1476.0805833512704,1485.6742249985448,1525.283164254426,1508.9569167260313,1456.1702863085568,1479.3273559738311,1476.5111992944535,1444.7963812135824,1523.149649604686,1497.067024687006,1459.32660028674,1478.9890982458585,1455.3541541949128,1459.781349723183,1502.3102344204704,1495.4789022716066,1518.138641612143,1503.5428981022797,1473.4286550503157,1489.360613253751,1476.5489036621454,1492.947472708486,1526.0606410458245,1470.6350665487969,1534.845585260126,1485.795010699818,1498.6132837772418,1478.3310452637677,1474.0064599049565,1467.6523144359423,1498.480876192714,1457.024761642272,1514.3875908506095,1491.8850395965155,1489.603590744759,1491.6593729055044,1476.0805833512704,1485.6742249985448,1525.283164254426,1508.9569167260313,1456.1702863085568,1479.3273559738311,1476.5111992944535,1444.7963812135824,1523.149649604686,1497.067024687006,1459.32660028674,1478.9890982458585,1455.3541541949128,1459.781349723183,0.5196520255358276,0.5419113510660604,0.4542722722606723,0.4529408216757414,0.6543262135640834,0.6375429375518679,0.5581131585075201,0.5182805489677289,0.6171056543562812,0.5644077115065534,0.4940832595022207,0.4724153170361003,0.5468528561097334,0.4337406001230589,0.5902817741278896,0.5745127522418584,0.4436472246714922,0.487260264933512,0,0,0,0,0,0,0,0,0,0,0,0,0,0,0,0,0,0,2
1278,0,0,0,0,0,0,0,0,0,0,0,0,0,0,0,0,0,0,0,0,0,0,0,0,0,0,0,0,0,0,0,0,0,0,0,0,0,0,0,0,0,0,1838,1778,190.5,193.04,78.0,78.0,0.0,0.0,0.0,0.0,0.0,1.0,0.0,1.0,0.0,1.0,0.0,0.0,0.0,0.0,0.0,0.0,0.0,0.0,0.0,8.0,0.0,7.0,0.0,6.0,0.0,0.0,0.0,0.0,0.0,2281.0,0.0,2088.0,0.0,1800.0,0.0,0.0,0.0,0.0,0.0,147.0,0.0,11.0,49.280551601516336,43.28073540535698,50.0,19.90246224178229,0.0,6.576336330069276,49.280551601516336,44.795661025480086,50.0,20.13912114932935,0.0,6.393660516387676,49.280551601516336,46.0099804352126,50.0,20.40631776812585,0.0,6.197398948106264,49.280551601516336,49.280551601516336,50.0,25.50648417491411,0.0,3.747909205323086,49.280551601516336,49.280551601516336,50.0,25.50648417491411,0.0,3.747909205323086,1538.2717213781295,1597.6441305994035,0.3354694132900866,0.6645305867099134,1514.3909793269231,1539.444839533258,1513.1673897998696,1541.594760284223,,1428.859334955141,1518.153376653712,1555.4550885924364,1480.96918059616,1491.681219358004,,1475.4729600558935,1513.0287372493951,1523.0902377701868,1467.4810162678473,1553.940650832881,1533.1728745291257,1549.779555924492,1515.1493067630988,1544.699612137075,1513.7562083501005,1545.2102048985253,,1463.3941119607994,1522.6589511390778,1581.5229653073466,1479.3279667432032,1485.4169388101695,,1467.2194741502751,1515.7984564707212,1527.582354980068,1466.544837815612,1531.5500143533943,1533.363963627953,1535.6335753857038,1489.473582807756,1497.8749124959827,,1523.482836399575,1518.6471327005595,1546.2395232276683,0.4283850339681671,0.4189020529261537,0.6940319206986996,0.3942572372718915,0.4692072926875933,0.5701291214182218,0.4710730122498452,0.2698461411550662,0.452347199462535,0.4157583539339294,0.4104446516036242,0.6038279836839342,0.3367755002892758,0.4824817031634186,0.59324580168054,0.466135139617408,0.321170086716625,0.493467903905443,0.4758378638610363,0.4328196640035263,0.4212439021730131,1498.6101992995746,1503.0043853355403,1498.9498793506712,1503.6756463676372,,1464.611588201231,1500.011449135273,1491.5034701469613,,1516.9149560456806,,1538.4066090501171,1497.3788498855986,1505.284434900219,,1419.4690634925416,1502.2836230590522,1472.5227840931486,1503.0867734663564,1508.9002002907444,1502.756465705839,1510.970199487513,,1521.2742290576502,1512.3936143773806,1551.2995070358547,1488.9804856142025,1421.29979108627,,1399.4303592571832,1508.0480012999813,1500.537795103704,1469.1084614601425,1431.0466598853177,,1487.6893707939446,1498.6101992995746,1503.0043853355403,1498.9498793506712,1503.6756463676372,,1464.611588201231,1500.011449135273,1491.5034701469613,,1516.9149560456806,,1538.4066090501171,1497.3788498855986,1505.284434900219,,1419.4690634925416,1502.2836230590522,1472.5227840931486,1503.0867734663564,1508.9002002907444,1502.756465705839,1510.970199487513,,1521.2742290576502,1512.3936143773806,1551.2995070358547,1488.9804856142025,1421.29979108627,,1399.4303592571832,1508.0480012999813,1500.537795103704,1469.1084614601425,1431.0466598853177,,1487.6893707939446,0.4873552126680613,0.4864015034601419,0.600470077180832,0.5244683715489816,0.4514681226490925,0.3912234452189366,0.4772615921320237,0.7164960482414899,0.5848302886903707,0.4832738559228591,0.4763765752893479,0.4390721312309845,0.3898552655544951,0.6855082718300005,0.7609419706714831,0.5216026540840395,0.6078306832326459,0.5353736441103918,0,0,0,0,0,0,0,0,0,1,0,0,0,1,0,0,0,1,9
1278,0,0,1,0,0,0,0,0,0,0,0,0,0,0,0,0,0,0,0,0,0,0,0,0,0,0,0,0,0,0,0,0,0,0,0,0,0,0,0,0,0,0,1719,1828,157.48000000000002,154.94,61.0,58.0,0.0,0.0,0.0,0.0,1.0,1.0,1.0,1.0,1.0,1.0,0.0,0.0,0.0,0.0,0.0,0.0,0.0,0.0,4.0,2.0,4.0,2.0,3.0,2.0,0.0,0.0,0.0,0.0,1200.0,600.0,988.0,600.0,593.0,600.0,0.0,0.0,0.0,0.0,243.0,69.0,106.0,34.0,47.70703296404525,48.708181412061975,52.724167988299484,33.07461563937996,6.122876168969902,4.600584993910115,47.70703296404525,48.708181412061975,52.724167988299484,33.07461563937996,6.122876168969902,4.600584993910115,48.27570980235655,48.708181412061975,54.3354310382307,33.07461563937996,5.85492697653878,4.600584993910115,49.280551601516336,49.280551601516336,68.6278168514709,40.43027439955091,4.122876168969902,3.18637143153702,49.280551601516336,49.280551601516336,68.6278168514709,40.43027439955091,4.122876168969902,3.18637143153702,1496.8934775939183,1525.8162937927657,0.4175142059917156,0.5824857940082844,1480.1676335117245,1509.3808122574403,1487.8094364894368,1507.9061912473207,1479.289659212299,1564.2674496988593,1484.2309028565442,1507.2578436772974,1432.1868325776768,1516.1241780360067,1561.115000155898,1513.517463047362,1483.9007246213337,1502.2677689052057,1478.0277583575537,1532.938620456949,1474.049091779685,1531.5223994915077,1471.5817543253766,1502.7408967779786,1487.5514117490477,1497.9366968149118,1469.027731992211,1561.112457173983,1474.635874212588,1493.719927759583,1437.2173841350657,1518.0077484093597,1565.729773709454,1509.3712974853788,1477.6651755394246,1489.2186182332246,1467.2926960373718,1526.770364523186,1473.4906151474158,1508.6833676504675,1471.938944427875,1524.814603014372,1484.3562881911337,1524.8708331505834,1476.1464835179777,1475.482540428353,0.4167014452024339,0.4424135600726366,0.2732206987212344,0.4341086001064608,0.2756057467842339,0.6336684097444436,0.4473315054203906,0.3470153373699119,0.3403609974690105,0.4112663334160347,0.4701443058713753,0.2572780049832788,0.4452915841295185,0.2828976427663605,0.6567514770503693,0.4667954609276316,0.3351993116058337,0.4000704592599906,0.3523435901281927,0.3854589714231563,0.5019109725211826,1495.275650961667,1480.8099909110103,1514.3249634205422,1487.3460365760209,1463.6128535277571,1484.6154385879397,1488.784770473363,1472.1171381820852,1486.089876439917,1494.709699735926,1463.9076382424523,1492.9524601611429,1476.321663999893,1466.358563355181,1499.3120588647237,1483.8843397220542,1500.6513711501914,1480.7622617059185,1483.1340913741774,1514.8173206522608,1478.711376636895,1498.35713453085,1461.626333790895,1491.786574733081,1487.147775241765,1516.5264405163368,1453.8865826422325,1476.3243795088706,1479.1858381766651,1491.1105677927449,1500.1938052898806,1516.5386589811608,1457.6893090154747,1467.1842301286651,1452.1796508237633,1437.6787059336943,1495.275650961667,1480.8099909110103,1514.3249634205422,1487.3460365760209,1463.6128535277571,1484.6154385879397,1488.784770473363,1472.1171381820852,1486.089876439917,1494.709699735926,1463.9076382424523,1492.9524601611429,1476.321663999893,1466.358563355181,1499.3120588647237,1483.8843397220542,1500.6513711501914,1480.7622617059185,1483.1340913741774,1514.8173206522608,1478.711376636895,1498.35713453085,1461.626333790895,1491.786574733081,1487.147775241765,1516.5264405163368,1453.8865826422325,1476.3243795088706,1479.1858381766651,1491.1105677927449,1500.1938052898806,1516.5386589811608,1457.6893090154747,1467.1842301286651,1452.1796508237633,1437.6787059336943,0.5415395482042459,0.5770332632146835,0.4398425220586005,0.5478266320325558,0.4752104957394203,0.4171726419904106,0.5286447088728488,0.5442881719128967,0.5569966354770282,0.4098061843634718,0.4436947949375671,0.41405366739792,0.4162384300573851,0.4357755827462524,0.4657316767932616,0.4530940618162776,0.4726986015978655,0.5416404034658258,0,0,0,0,0,0,0,0,0,0,0,0,0,0,0,0,0,0,1
1278,0,0,0,0,0,0,0,0,0,0,0,0,0,0,0,0,0,0,0,0,0,0,0,0,0,0,0,0,0,0,0,0,0,0,0,0,0,0,0,0,0,0,1587,30,190.5,,77.0,80.0,0.0,0.0,0.0,0.0,1.0,0.0,1.0,0.0,0.0,0.0,0.0,0.0,0.0,0.0,0.0,0.0,0.0,0.0,1.0,0.0,1.0,0.0,0.0,0.0,0.0,0.0,0.0,0.0,300.0,0.0,213.0,0.0,0.0,0.0,0.0,0.0,0.0,0.0,27.0,0.0,27.0,0.0,49.03491914329323,49.280551601516336,34.741251868116294,50.0,3.4991533826314027,0.0,49.03491914329323,49.280551601516336,34.741251868116294,50.0,3.4991533826314027,0.0,49.280551601516336,49.280551601516336,41.340408889201214,50.0,2.4991533826314027,0.0,49.280551601516336,49.280551601516336,41.340408889201214,50.0,2.4991533826314027,0.0,49.280551601516336,49.280551601516336,41.340408889201214,50.0,2.4991533826314027,0.0,1509.2053722375797,,,,1493.3741786989765,,1494.5346432377669,,1532.4866367191555,,1494.2347940934894,,1499.6618760329627,,1453.8528841045163,,1497.0613219094382,,1469.3275163758135,,1488.4451646783853,,1498.5213686976988,,1500.3472704472676,,1517.4089577319746,,1506.4011154727525,,1495.3925354861146,,1446.4182247164626,,1502.7318793156755,,1467.526751290415,,1492.0443547749746,,1505.2247671625005,,1468.8037310915604,,,,0.4809385956531047,0.4842746267334159,0.5924290828638461,0.4834124928501932,0.4990268022213698,0.3702164613319291,0.4915426112632554,0.4126236062672886,0.4667914703019876,0.4957442597805337,0.5009995233624639,0.5499399402604821,0.5184155574567855,0.4867417598233042,0.3504906993160582,0.5078623326121985,0.4076081346578756,0.4771178071403129,0.5150335560015209,0.4111628442854726,0.5,1510.9119093880445,,1510.666393688464,,1480.1263696882982,,1508.7308684349111,,1527.0423890539016,,1469.29711753888,,1502.5261438913528,,,,1498.0319512295362,,1498.9249029970892,,1499.4537373561843,,,,1511.7004402231191,,1460.096637651969,,1451.626230130525,,1494.0224418115988,,1471.0072186810714,,1489.8583233725365,,1510.9119093880445,,1510.666393688464,,1480.1263696882982,,1508.7308684349111,,1527.0423890539016,,1469.29711753888,,1502.5261438913528,,,,1498.0319512295362,,1498.9249029970892,,1499.4537373561843,,,,1511.7004402231191,,1460.096637651969,,1451.626230130525,,1494.0224418115988,,1471.0072186810714,,1489.8583233725365,,0.5313657584826472,0.5306618263977839,0.4430473385581424,0.525108322079767,0.5772115764098141,0.4125387859417848,0.5072703141315323,0.5,0.4943357426251709,0.4969056615894758,0.4984277349066163,0.5,0.5336257422924362,0.3871271175795804,0.3642595760767291,0.482801991587901,0.4173183237823774,0.4708430254128747,0,0,0,0,0,0,0,0,0,0,0,0,0,0,0,0,0,0,5
1278,0,0,0,0,0,0,0,0,0,0,0,0,0,0,0,0,0,0,0,0,0,0,0,0,0,0,0,0,0,0,0,0,0,0,0,0,0,0,0,0,0,0,1642,1394,172.72,175.26,69.0,71.0,0.0,0.0,0.0,0.0,1.0,1.0,1.0,1.0,1.0,1.0,0.0,0.0,0.0,0.0,0.0,0.0,0.0,0.0,1.0,2.0,1.0,2.0,1.0,2.0,0.0,0.0,0.0,0.0,300.0,600.0,300.0,600.0,300.0,600.0,0.0,0.0,0.0,0.0,41.0,63.0,41.0,45.0,49.03491914329323,48.708181412061975,40.17858471148053,38.097776024805015,3.8032522137125264,4.533375874892848,49.03491914329323,48.708181412061975,40.17858471148053,38.097776024805015,3.8032522137125264,4.533375874892848,49.03491914329323,48.708181412061975,40.17858471148053,38.097776024805015,3.8032522137125264,4.533375874892848,49.280551601516336,49.280551601516336,47.62410823685692,47.1924841369155,2.8032522137125264,3.1191623125197534,49.280551601516336,49.280551601516336,47.62410823685692,47.1924841369155,2.8032522137125264,3.1191623125197534,1542.2653577729309,1481.1404823581502,0.6690133858407856,0.3309866141592143,1512.715370147326,1487.2170565754343,1519.2163143664454,1485.391472571759,1509.622751564028,1531.8381253101202,1512.8563034784331,1490.71184007513,1510.2153883171834,1483.1918358994876,1467.0149670064118,1493.5132713255557,1497.2339700962486,1490.0844801074768,1504.5881892870375,1471.4227867303944,1522.046221174797,1527.4312281160503,1514.5308336862329,1487.631780349894,1519.9651342381217,1484.4638284824955,1500.1295677757064,1538.52617512722,1516.3600992761546,1500.1910652381891,1507.5663762162555,1487.376662871753,1461.028453628042,1484.373524697344,1489.491605018875,1489.4426742087862,1505.475616844613,1478.3472654078137,1522.09638999262,1534.5536039185963,1499.1719458332643,1482.4711571363914,1524.517459571647,,,1501.6803270180392,0.5728675005620708,0.5961437622785015,0.4364053086886698,0.563393886219724,0.5771586521937659,0.4243178163589617,0.5205662759461855,0.5943145954779745,0.4845056666968597,0.576808809782114,0.6007818514716868,0.3912508702853079,0.546404294659478,0.5578504308730506,0.4332090676076963,0.5001408341886484,0.5774530774680239,0.464206588018177,0.5479211889538906,0.5701020891370947,0.4951637808988041,1507.859377854735,1491.825641087176,1516.125421647271,1492.5879109529913,1482.414820190266,1457.690138590733,1504.4055178817453,1483.658440197087,1507.220446788952,1524.4163535851656,1486.3109578884678,1496.491985894741,1491.8359111806587,1490.5425887507415,1513.1235102559594,1518.3082994897725,1510.6408442326033,1472.472376525912,1492.6976016961787,1505.5399572880149,1488.8231229358312,1502.55677904553,1490.9354504585358,1503.1452380727842,1501.0805615458971,1524.355437774733,1485.2533804597251,1481.2409513832129,1451.8796090057806,1444.6571182669943,1495.492495029555,1506.8187810050154,1488.2274237840822,1457.902180396285,,1461.6195045781744,1507.859377854735,1491.825641087176,1516.125421647271,1492.5879109529913,1482.414820190266,1457.690138590733,1504.4055178817453,1483.658440197087,1507.220446788952,1524.4163535851656,1486.3109578884678,1496.491985894741,1491.8359111806587,1490.5425887507415,1513.1235102559594,1518.3082994897725,1510.6408442326033,1472.472376525912,1492.6976016961787,1505.5399572880149,1488.8231229358312,1502.55677904553,1490.9354504585358,1503.1452380727842,1501.0805615458971,1524.355437774733,1485.2533804597251,1481.2409513832129,1451.8796090057806,1444.6571182669943,1495.492495029555,1506.8187810050154,1488.2274237840822,1457.902180396285,,1461.6195045781744,0.5460182041989367,0.5673348538449591,0.5706866998186423,0.5594325864003393,0.4506672263196657,0.470730149683635,0.5037224124100795,0.4850814064972142,0.6081233752715787,0.4631039188462376,0.4605535068867562,0.4649151604201156,0.4334075101285665,0.5115466459565284,0.5207760298692004,0.4674464432696325,0.5864071400806443,0.6087049487005486,0,0,0,0,0,0,0,0,1,0,0,1,1,0,0,1,1,1,3
1278,0,0,0,0,0,0,0,0,0,0,0,0,0,0,0,0,0,0,0,0,0,0,0,0,0,0,0,0,0,0,0,0,0,0,0,0,0,0,0,0,0,0,1842,1646,175.26,185.42,72.0,73.0,0.0,0.0,0.0,0.0,1.0,0.0,1.0,0.0,1.0,0.0,0.0,0.0,0.0,0.0,0.0,0.0,0.0,0.0,4.0,0.0,1.0,0.0,1.0,0.0,0.0,0.0,0.0,0.0,925.0,0.0,300.0,0.0,300.0,0.0,0.0,0.0,0.0,0.0,87.0,0.0,26.0,0.0,47.70703296404525,49.280551601516336,27.40314082367723,50.0,5.358002610858655,0.0,49.03491914329323,49.280551601516336,30.50640985389842,50.0,4.358002610858655,0.0,49.03491914329323,49.280551601516336,30.50640985389842,50.0,4.358002610858655,0.0,49.280551601516336,49.280551601516336,34.95658308200717,50.0,3.358002610858655,0.0,49.280551601516336,49.280551601516336,34.95658308200717,50.0,3.358002610858655,0.0,1517.2088963543808,1465.219822308846,0.645323660089274,0.354676339910726,1499.2125503196537,1498.6189285263547,1503.4613044711944,1496.4731698271723,1507.0277851360297,,1513.5472929915454,1498.62285588792,1428.6490006734643,1500.4520346819504,1488.7664844865726,1508.6068621179486,1500.0247454765167,1499.3522510221544,1507.1428977365947,1496.8950404367813,1504.7242404885542,1468.702226183878,1507.3977182826666,1496.5685579308963,1512.872968778513,1494.1137103078247,1518.73509155364,,1531.8692630286728,1496.683171424991,1435.8043602669047,1491.0874286317744,1489.621373434017,1507.4351125649832,1510.7181474758172,1499.7943673137113,1501.9797180702449,1502.207678538754,1504.9552553908843,1468.546548370826,1513.7877867020773,1470.3919946270005,,,1483.5509881689711,1475.3597241992418,0.5017085742148265,0.5201026260939452,0.5202165638601802,0.5428506099652185,0.3043511277651532,0.443141807756463,0.5019355849632188,0.5294615369947995,0.6022188088003491,0.5311285178000276,0.5537845844687326,0.5537158303257674,0.5999111347735815,0.3460449709855393,0.4489068982567541,0.5313997907161515,0.4993438774058858,0.6032847958654921,0.6223682675621864,0.5,0.5235588953670953,1497.9698576909611,1491.8502366494574,1504.7995596207809,1492.947188344174,1461.7068547725662,,1493.3814757332095,1490.646720388256,1514.351020531446,1487.8771484193155,1536.664319499925,1513.8469080527689,1500.2744258001549,1494.279531430817,1509.1080081891312,1501.5426902653328,1506.0727210941795,,1516.2529065914268,1504.1530147470485,1514.5378676980897,1501.8304871030653,1542.5514677286276,,1536.3311072179165,1505.973628450029,1478.7997840114758,1489.5105078183271,1453.2213265069502,1476.119920080022,1518.93365274034,1505.1800567997047,1485.1410205918912,1503.3341502374865,1477.076455416022,1471.0720559616948,1497.9698576909611,1491.8502366494574,1504.7995596207809,1492.947188344174,1461.7068547725662,,1493.3814757332095,1490.646720388256,1514.351020531446,1487.8771484193155,1536.664319499925,1513.8469080527689,1500.2744258001549,1494.279531430817,1509.1080081891312,1501.5426902653328,1506.0727210941795,,1516.2529065914268,1504.1530147470485,1514.5378676980897,1501.8304871030653,1542.5514677286276,,1536.3311072179165,1505.973628450029,1478.7997840114758,1489.5105078183271,1453.2213265069502,1476.119920080022,1518.93365274034,1505.1800567997047,1485.1410205918912,1503.3341502374865,1477.076455416022,1471.0720559616948,0.5176064028416326,0.534061031531634,0.3915346079321166,0.5078706084408913,0.5756134717831372,0.565298705366494,0.5172478467475239,0.5217609801076073,0.5174715800420914,0.5347700776173826,0.536509685242154,0.6200809608516953,0.5864971471951592,0.4692110630794154,0.4344716329726271,0.5395035268330672,0.4478265698024125,0.5172751719751444,0,0,0,0,0,0,0,0,0,0,0,0,0,0,0,0,0,0,6
1278,0,0,0,0,0,0,0,0,0,0,0,0,0,0,0,0,0,0,0,0,0,0,0,0,0,0,0,0,0,0,0,0,0,0,0,0,0,0,0,0,0,0,1646,1842,185.42,175.26,73.0,72.0,0.0,0.0,0.0,0.0,0.0,1.0,0.0,1.0,0.0,1.0,0.0,0.0,0.0,0.0,0.0,0.0,0.0,0.0,0.0,4.0,0.0,1.0,0.0,1.0,0.0,0.0,0.0,0.0,0.0,925.0,0.0,300.0,0.0,300.0,0.0,0.0,0.0,0.0,0.0,87.0,0.0,26.0,49.280551601516336,47.70703296404525,50.0,27.40314082367723,0.0,5.358002610858655,49.280551601516336,49.03491914329323,50.0,30.50640985389842,0.0,4.358002610858655,49.280551601516336,49.03491914329323,50.0,30.50640985389842,0.0,4.358002610858655,49.280551601516336,49.280551601516336,50.0,34.95658308200717,0.0,3.358002610858655,49.280551601516336,49.280551601516336,50.0,34.95658308200717,0.0,3.358002610858655,1465.219822308846,1517.2088963543808,0.354676339910726,0.645323660089274,1498.6189285263547,1499.2125503196537,1496.4731698271723,1503.4613044711944,,1507.0277851360297,1498.62285588792,1513.5472929915454,1500.4520346819504,1428.6490006734643,1508.6068621179486,1488.7664844865726,1499.3522510221544,1500.0247454765167,1496.8950404367813,1507.1428977365947,1468.702226183878,1504.7242404885542,1496.5685579308963,1507.3977182826666,1494.1137103078247,1512.872968778513,,1518.73509155364,1496.683171424991,1531.8692630286728,1491.0874286317744,1435.8043602669047,1507.4351125649832,1489.621373434017,1499.7943673137113,1510.7181474758172,1502.207678538754,1501.9797180702449,1468.546548370826,1504.9552553908843,1470.3919946270005,1513.7877867020773,,,1475.3597241992418,1483.5509881689711,0.4982914257851735,0.4798973739060548,0.4797834361398198,0.4571493900347815,0.6956488722348468,0.5568581922435369,0.4980644150367812,0.4705384630052005,0.3977811911996509,0.4688714821999724,0.4462154155312674,0.4462841696742325,0.4000888652264185,0.6539550290144607,0.5510931017432459,0.4686002092838485,0.5006561225941142,0.3967152041345079,0.3776317324378135,0.5,0.4764411046329047,1491.8502366494574,1497.9698576909611,1492.947188344174,1504.7995596207809,,1461.7068547725662,1490.646720388256,1493.3814757332095,1487.8771484193155,1514.351020531446,1513.8469080527689,1536.664319499925,1494.279531430817,1500.2744258001549,1501.5426902653328,1509.1080081891312,,1506.0727210941795,1504.1530147470485,1516.2529065914268,1501.8304871030653,1514.5378676980897,,1542.5514677286276,1505.973628450029,1536.3311072179165,1489.5105078183271,1478.7997840114758,1476.119920080022,1453.2213265069502,1505.1800567997047,1518.93365274034,1503.3341502374865,1485.1410205918912,1471.0720559616948,1477.076455416022,1491.8502366494574,1497.9698576909611,1492.947188344174,1504.7995596207809,,1461.7068547725662,1490.646720388256,1493.3814757332095,1487.8771484193155,1514.351020531446,1513.8469080527689,1536.664319499925,1494.279531430817,1500.2744258001549,1501.5426902653328,1509.1080081891312,,1506.0727210941795,1504.1530147470485,1516.2529065914268,1501.8304871030653,1514.5378676980897,,1542.5514677286276,1505.973628450029,1536.3311072179165,1489.5105078183271,1478.7997840114758,1476.119920080022,1453.2213265069502,1505.1800567997047,1518.93365274034,1503.3341502374865,1485.1410205918912,1471.0720559616948,1477.076455416022,0.4823935971583674,0.465938968468366,0.6084653920678833,0.4921293915591087,0.4243865282168628,0.434701294633506,0.4827521532524761,0.4782390198923927,0.4825284199579086,0.4652299223826174,0.4634903147578459,0.3799190391483047,0.4135028528048408,0.5307889369205846,0.5655283670273729,0.4604964731669327,0.5521734301975875,0.4827248280248556,0,0,0,0,0,0,0,0,0,0,0,0,0,0,0,0,0,0,6
1278,0,0,0,0,0,0,0,0,0,0,0,0,0,0,0,0,0,0,0,0,0,0,0,0,0,0,0,0,0,0,0,0,0,0,0,0,0,0,0,0,0,0,1970,1577,170.18,187.96,,79.0,0.0,0.0,0.0,0.0,1.0,1.0,1.0,1.0,1.0,1.0,0.0,0.0,0.0,0.0,0.0,0.0,0.0,0.0,1.0,6.0,1.0,4.0,1.0,3.0,0.0,0.0,0.0,0.0,300.0,1567.0,300.0,1080.0,196.0,900.0,0.0,0.0,0.0,0.0,11.0,131.0,11.0,22.0,49.03491914329323,46.0099804352126,28.83957921824017,24.26322073112398,2.8636799873410004,6.111591184722956,49.03491914329323,47.70703296404525,28.83957921824017,25.19074927964792,2.8636799873410004,5.662101441939778,49.03491914329323,48.27570980235655,28.83957921824017,25.803370551565084,2.8636799873410004,5.394152249508656,49.280551601516336,49.280551601516336,34.89016222446897,31.375780048739333,1.8636799873410004,3.662101441939778,49.280551601516336,49.280551601516336,34.89016222446897,31.375780048739333,1.8636799873410004,3.662101441939778,1452.0611386348714,1491.0444322783296,0.3896433192740594,0.6103566807259406,1476.4910732409146,1497.6291607427072,1479.8377393294106,1487.4680278403096,1505.4141581493218,1464.2352339217423,1474.5098250947622,1503.787401545426,1491.2925385623723,1464.5073377474232,1486.3664783321435,1548.5262475895452,1485.2490617718336,1501.7730847715084,1522.3173276252746,1477.9654475367863,1473.2004092422292,1472.5186830995406,1479.7135740652604,1486.2755002952797,1484.865733073612,1468.4163985490932,1499.8240115929095,1445.9737759358031,1473.4928547498473,1502.5339218469012,1509.5595239433037,1447.9340374100486,1510.561365824826,1543.1092892212164,1502.0983674376816,1483.9575708462835,1521.6298332153394,1480.6349557361266,1468.8409117916403,1480.766911464061,1499.9862677477884,1471.1847070800216,1483.386002376266,1455.5874562440072,,1464.8456786958925,0.4394581964522289,0.4780523767662889,0.6163513194575556,0.4165212492009593,0.5764888167559783,0.3283536319101503,0.4525829591493008,0.6249517798360583,0.5019621554944408,0.481122235739556,0.5472039948051416,0.6502125782591799,0.4171831527065902,0.6702883775967448,0.4074005589585925,0.5520244389435921,0.6158501520704408,0.4657280384500401,0.5821462517851904,0.5793346315390281,0.5998233404863889,1516.2354970044848,1463.4637560393328,1521.6133259783726,1466.8277970747708,1476.1207967216228,1461.359652554282,1494.1185183433156,1442.4902423704168,1531.8249970097077,1484.9052683201269,1513.8844899921487,1501.0954523501175,1490.0923138699927,1459.081672586582,1529.5828731919428,1482.1929953396352,1515.8515691090824,1473.4632764464036,1493.6836114668858,1512.635032822739,1491.3478689816022,1498.960236399808,1506.314844551953,1460.7011585655953,1494.9471758237996,1534.1561777651193,1505.879158090366,1477.18077563666,1503.740808732144,1432.4294070395745,1526.1800330468432,1508.821742507592,1475.3597241992418,1456.1163074002836,1450.930451752143,1470.4444228754082,1516.2354970044848,1463.4637560393328,1521.6133259783726,1466.8277970747708,1476.1207967216228,1461.359652554282,1494.1185183433156,1442.4902423704168,1531.8249970097077,1484.9052683201269,1513.8844899921487,1501.0954523501175,1490.0923138699927,1459.081672586582,1529.5828731919428,1482.1929953396352,1515.8515691090824,1473.4632764464036,1493.6836114668858,1512.635032822739,1491.3478689816022,1498.960236399808,1506.314844551953,1460.7011585655953,1494.9471758237996,1534.1561777651193,1505.879158090366,1477.18077563666,1503.740808732144,1432.4294070395745,1526.1800330468432,1508.821742507592,1475.3597241992418,1456.1163074002836,1450.930451752143,1470.4444228754082,0.6473833470278799,0.6526576238433675,0.5423840296353957,0.644372351703248,0.6318550660851769,0.5367434519469821,0.5883196446198617,0.6331132576048972,0.6196382942063778,0.4456687914192841,0.4781038586643489,0.6283505095667217,0.389025502938807,0.5818572686911535,0.6944491763801759,0.5497955589729058,0.555161563180553,0.4440693295734866,0,0,0,0,0,0,0,0,0,0,0,0,0,0,0,0,0,0,7
1278,1,0,0,0,0,0,0,0,0,0,0,0,0,0,0,0,0,0,0,0,0,0,0,0,0,0,0,0,0,0,0,0,0,0,0,0,0,0,0,0,0,0,1638,1745,180.34,182.88,74.0,75.0,0.0,0.0,0.0,0.0,1.0,1.0,1.0,1.0,1.0,1.0,0.0,0.0,0.0,0.0,0.0,0.0,0.0,0.0,7.0,8.0,6.0,4.0,4.0,1.0,0.0,0.0,0.0,0.0,2064.0,1701.0,1646.0,508.0,1200.0,300.0,0.0,0.0,0.0,0.0,183.0,280.0,23.0,44.0,44.795661025480086,43.28073540535698,23.769776533810656,29.26041655211449,6.55695312927133,7.057193126746499,46.0099804352126,47.70703296404525,24.12486620151737,31.393903747918515,6.360691560989917,6.2287660020003095,47.70703296404525,49.03491914329323,25.01144678351202,34.69606093978393,5.91120181820674,5.2287660020003095,49.280551601516336,49.280551601516336,30.82848216103104,39.203656433142726,3.9112018182067394,4.2287660020003095,49.280551601516336,49.280551601516336,30.82848216103104,39.203656433142726,3.9112018182067394,4.2287660020003095,1595.914155968331,1608.2128373673886,0.4646605724880487,0.5353394275119513,1507.6255240789742,1549.0615607530126,1507.894898016946,1539.233848523271,1524.3256900949057,1484.4820310089012,1513.12937977233,1553.6772166480382,1485.53951049793,1559.1101451212917,1458.8521812390231,1512.0529087085397,1500.0717077853803,1534.8295564672228,1516.961894741517,1556.390017419803,1547.8695283542047,1603.9690584056025,1515.792851672932,1546.0024615491932,1511.236740311648,1539.7284066803477,1506.632675432828,1488.8899701860712,1530.9297032822687,1558.6323312052618,1474.9049520323358,1551.8771170801713,1462.5088928128075,1510.3454809450498,1506.728955225991,1533.1476391601325,1506.4922321983854,1532.651621619125,1545.6360378563072,1577.5958033024378,1532.01223667961,1498.9831300103112,1501.9325633752983,1528.4904953640548,1552.042676189552,1556.1224169118063,0.3829489658961101,0.4107651958709878,0.6127097871257448,0.3853681821673165,0.300059775189485,0.3514900347514229,0.4012728125439861,0.388426059058267,0.3439208918249603,0.4139157774228783,0.4187218737459195,0.5508907762383128,0.4209345163707531,0.2918998449222962,0.3656929552550731,0.4245417473089816,0.4252712228991705,0.4090363704823502,0.5939362065563134,0.4241501349148107,0.4882597206164909,1505.4957107077132,1490.9234846551456,1507.1533762166562,1507.4270678148278,1436.0665130340983,1472.4854854426462,1500.2166782479535,1495.1302537293154,1498.2160692932591,1524.2234841310892,1519.0055715561691,1526.3270992798896,1498.0281515714305,1490.7966790610585,1455.3070317405293,1445.2318229566856,1480.7678219263053,1464.7984213410818,1507.67668197924,1502.0171666451374,1497.3075148956118,1489.7360828170674,1488.3845910404443,1512.2263209969235,1525.8503649551617,1538.088250951991,1454.738035203503,1454.422834499007,1431.161210313514,1404.3465719696703,1507.0328977988877,1503.8891799492765,1392.1586004881465,1451.815923576851,1425.412663320319,1497.0897034109582,1505.4957107077132,1490.9234846551456,1507.1533762166562,1507.4270678148278,1436.0665130340983,1472.4854854426462,1500.2166782479535,1495.1302537293154,1498.2160692932591,1524.2234841310892,1519.0055715561691,1526.3270992798896,1498.0281515714305,1490.7966790610585,1455.3070317405293,1445.2318229566856,1480.7678219263053,1464.7984213410818,1507.67668197924,1502.0171666451374,1497.3075148956118,1489.7360828170674,1488.3845910404443,1512.2263209969235,1525.8503649551617,1538.088250951991,1454.738035203503,1454.422834499007,1431.161210313514,1404.3465719696703,1507.0328977988877,1503.8891799492765,1392.1586004881465,1451.815923576851,1425.412663320319,1497.0897034109582,0.5418441372178048,0.4992122529092436,0.3966869190808856,0.5146357243920241,0.4256989258726914,0.4789394177080841,0.5208018367957161,0.5289663110622533,0.5458345920878541,0.5162836339323895,0.5217785446993081,0.4318056163840202,0.4648346858924527,0.5009072195587605,0.5765715598108998,0.5090473597019103,0.3347385561837088,0.3046583293619066,0,2,0,0,0,0,0,0,1,0,0,0,1,2,0,0,1,2,4
1278,0,0,0,0,0,0,0,0,0,0,0,0,0,0,0,0,0,0,0,0,0,0,0,0,0,0,0,0,0,0,0,0,0,0,0,0,0,0,0,0,0,0,1530,1526,170.18,175.26,71.0,69.0,0.0,0.0,0.0,0.0,1.0,0.0,1.0,0.0,1.0,0.0,0.0,0.0,0.0,0.0,0.0,0.0,0.0,0.0,2.0,0.0,1.0,0.0,1.0,0.0,0.0,0.0,0.0,0.0,588.0,0.0,300.0,0.0,300.0,0.0,0.0,0.0,0.0,0.0,56.0,0.0,25.0,0.0,48.708181412061975,49.280551601516336,29.74896168531949,50.0,4.446502013249008,0.0,49.03491914329323,49.280551601516336,31.297587408606045,50.0,4.032288450875913,0.0,49.03491914329323,49.280551601516336,31.297587408606045,50.0,4.032288450875913,0.0,49.280551601516336,49.280551601516336,36.27100002499572,50.0,3.032288450875913,0.0,49.280551601516336,49.280551601516336,36.27100002499572,50.0,3.032288450875913,0.0,1525.2912899212008,1517.6135940277095,0.5220838081048131,0.4779161918951868,1528.1277936997471,1500.666358642575,1526.0221184277314,1512.2032629109872,1565.4948551368254,1530.5186510896494,1530.84129503369,1501.0194125229164,1468.5490589401848,1498.0273961952023,1504.1589548240247,1498.0790751123095,1491.2791880253685,1496.1973868267016,1481.3783744534044,,1538.467955095937,1522.7701179652738,1528.6561167450373,1509.785904504373,1522.8051087772192,1517.7309090213053,1568.2511170473863,1530.4016961502252,1532.9136457819327,1522.8062979135054,1470.277491592581,1520.77219263059,1505.8424970116455,1498.6862528682611,1503.9767828352888,1506.2069876340452,1480.2832029244487,,1540.1572679956057,1523.2222196942053,1556.3627378490464,1529.4630510572276,1547.1526819589155,1524.6402758007582,,,0.5783884855288342,0.5396901809734238,0.5993310113196236,0.5850009185560272,0.4159596288387875,0.5174921590117972,0.4858480668417243,0.4466070044426171,0.5450594273447993,0.5541002181149817,0.5146005687718757,0.6072476796404476,0.5290585033344738,0.358623920212006,0.5205856830444843,0.4935813072268544,0.4434929299139886,0.5485891620286978,0.5768105899872524,0.5644356053295846,0.5,1526.36627817181,1512.6118923232248,1522.3664392669475,1516.2127500456195,1549.147664984885,1524.6402758007582,1526.1451640140408,1509.120250655659,1505.5988707350114,1522.4966870305664,1520.4377380041954,1514.0845993787743,1507.8685939186744,1512.9881088341035,1485.685648736355,,1508.8255248107585,1507.7717045778545,1497.5229660646803,1507.5468737998974,1470.1412721953398,1507.7041055534814,,,1504.4972755086226,1522.2285210538,1456.517675739574,1521.324552215267,1452.621738410759,1489.34167065234,1502.4762689225704,1507.4881624405105,1472.66918494979,,1459.2525947998015,,1526.36627817181,1512.6118923232248,1522.3664392669475,1516.2127500456195,1549.147664984885,1524.6402758007582,1526.1451640140408,1509.120250655659,1505.5988707350114,1522.4966870305664,1520.4377380041954,1514.0845993787743,1507.8685939186744,1512.9881088341035,1485.685648736355,,1508.8255248107585,1507.7717045778545,1497.5229660646803,1507.5468737998974,1470.1412721953398,1507.7041055534814,,,1504.4972755086226,1522.2285210538,1456.517675739574,1521.324552215267,1452.621738410759,1489.34167065234,1502.4762689225704,1507.4881624405105,1472.66918494979,,1459.2525947998015,,0.5395057861784105,0.51770433668399,0.5700736737633626,0.5488453589354043,0.4515169905066342,0.5182776549120067,0.4852691159266231,0.4588929787896822,0.5030331012430623,0.4711808521760858,0.393539512831038,0.5,0.4491418659594992,0.3216680321585226,0.3958579678519878,0.4855786119481656,0.4219782716420782,0.384824113598739,0,0,0,0,0,0,0,0,0,0,0,0,0,0,0,0,0,0,4
1278,0,0,0,0,0,0,0,0,0,0,0,0,0,0,0,0,0,0,0,0,0,0,0,0,0,0,0,0,0,0,0,0,0,0,0,0,0,0,0,0,0,0,2035,1814,175.26,185.42,74.0,77.0,0.0,0.0,0.0,0.0,1.0,1.0,1.0,1.0,1.0,1.0,0.0,0.0,0.0,0.0,0.0,0.0,0.0,0.0,5.0,5.0,3.0,4.0,2.0,3.0,0.0,0.0,0.0,0.0,1272.0,1232.0,630.0,997.0,410.0,900.0,0.0,0.0,0.0,0.0,137.0,94.0,27.0,8.0,46.96567279915026,46.96567279915026,26.361465593420043,20.14275838798917,5.931508241367694,5.651475646200195,48.27570980235655,47.70703296404525,27.596429368900345,20.50198329634177,5.427491071436782,5.415407668700405,48.708181412061975,48.27570980235655,28.47584840470015,20.941845149860345,5.109653826240999,5.147458476269282,49.280551601516336,49.280551601516336,33.75925978895587,25.004047871233333,3.695440263867904,3.4154076687004054,49.280551601516336,49.280551601516336,33.75925978895587,25.004047871233333,3.695440263867904,3.4154076687004054,1539.247287402714,1551.9427652754548,0.4635243910549161,0.536475608945084,1553.2497456522435,1536.5113229872784,1553.1243805580991,1539.8694268151169,1553.6776705567318,1539.6572740375318,1563.9474278938037,1532.0538301697395,1509.5050084011689,1556.1955307988665,1471.483960114124,1537.749390915257,1528.080984781692,1529.0398925080726,1499.4031083802463,1547.5864256227658,1604.4207921906584,1548.98843807988,1551.835184252958,1556.6390738943846,1548.3959044096011,1551.7901329744325,1559.8323998125315,1554.6516197848505,1576.312326431668,1538.2269082832174,1501.9164075474828,1578.93195014666,1438.9828787816348,1583.8709668353777,1517.4891341042314,1572.9967794001084,1480.854139080671,1535.411353520901,1601.7055769958642,1549.8765459615563,1601.3252727710649,1518.1269119693209,1531.0747910116472,1476.0677549325596,1531.1148319663027,1546.6496011380036,0.5480285109963213,0.5380769583459615,0.5402665540343947,0.590779474044654,0.3687589778027615,0.3180150317232667,0.4972400697357544,0.3647674928688617,0.654343867688361,0.4861768175551678,0.4902318678852325,0.5149070643450664,0.6078954938379343,0.2917966319848599,0.1586795638319388,0.345460102554451,0.3479384998153065,0.6449018194694893,0.7226924408814637,0.6532355168016847,0.4554061474566232,1497.12113866179,1527.8892869135343,1506.3282272196143,1529.7924578549462,1471.7511337780618,1504.5251626283375,1494.2275737967368,1495.2148862194636,1523.1603496718888,1557.093530059087,1466.9217978418133,1545.8750745745217,1465.941503840474,1515.9783172568264,1459.5987224090647,1516.5322679765304,1503.597889461294,1470.5706056566926,1495.334484240916,1523.8008806973123,1486.1356721049883,1501.6926202269754,1475.3412596855612,1510.1879277495489,1518.8259206197995,1519.9057682810576,1416.878715162646,1508.6832325119883,1442.845029862405,1559.814375096477,1499.6559713634388,1539.8987770404449,1412.432889014974,1427.3503743571816,1464.4528933304036,1467.5630129064527,1497.12113866179,1527.8892869135343,1506.3282272196143,1529.7924578549462,1471.7511337780618,1504.5251626283375,1494.2275737967368,1495.2148862194636,1523.1603496718888,1557.093530059087,1466.9217978418133,1545.8750745745217,1465.941503840474,1515.9783172568264,1459.5987224090647,1516.5322679765304,1503.597889461294,1470.5706056566926,1495.334484240916,1523.8008806973123,1486.1356721049883,1501.6926202269754,1475.3412596855612,1510.1879277495489,1518.8259206197995,1519.9057682810576,1416.878715162646,1508.6832325119883,1442.845029862405,1559.814375096477,1499.6559713634388,1539.8987770404449,1412.432889014974,1427.3503743571816,1464.4528933304036,1467.5630129064527,0.4123566956799319,0.4328722496967966,0.4067722479480398,0.4971583170132879,0.4035559797489212,0.2872079530313758,0.359837363250829,0.3417575712354737,0.5939311451051398,0.4187926861475012,0.4553428198089408,0.4010271616912506,0.4968919886216185,0.2578949333327737,0.2064170633035574,0.3862003200004967,0.4571692519221999,0.4910493125774365,0,0,0,0,0,0,0,0,0,0,0,0,0,0,0,0,0,0,6
1278,0,0,1,0,0,0,0,0,0,0,0,0,0,0,0,0,0,0,0,0,0,0,0,0,0,0,0,0,0,0,0,0,0,0,0,0,0,0,0,0,0,0,1783,1830,172.72,170.18,68.0,67.0,0.0,0.0,1.0,1.0,1.0,1.0,1.0,1.0,1.0,1.0,1.0,1.0,1.0,1.0,0.0,0.0,2.0,1.0,12.0,9.0,11.0,8.0,10.0,8.0,2.0,1.0,2.0,1.0,3591.0,2611.0,3256.0,2400.0,3000.0,2400.0,600.0,300.0,600.0,300.0,452.0,237.0,34.0,23.0,33.947506404498085,41.433399321702346,24.514536008477016,22.86777445226047,8.051020709250029,7.104203005253607,36.72751088672665,43.28073540535698,24.74838616648539,23.137585139755387,7.903543884467675,6.932630129999797,39.2423431452002,43.28073540535698,25.0013388623584,23.137585139755387,7.749196754280655,6.932630129999797,48.708181412061975,49.03491914329323,28.61778102752772,26.91793603558461,6.00113265648537,5.104203005253607,48.708181412061975,49.03491914329323,28.61778102752772,26.91793603558461,6.00113265648537,5.104203005253607,1584.9265822554291,1633.028255307588,0.3649853215181557,0.6350146784818442,1495.3403567996904,1517.6966959503668,1502.242454774882,1504.1117836172236,1490.74927788934,1529.1632001606702,1511.9206435791823,1521.1331816005315,1437.3346966720565,1518.1876254116437,1422.488611738336,1495.7466603367318,1503.2442722685876,1510.2532807524012,1486.783348931665,1526.5842979479985,1475.150444738062,1549.5738455732428,1488.2975820305487,1534.8623253764404,1499.967142842742,1512.2667976555451,1572.9283754058113,1594.840499542703,1520.0050768829776,1541.1828692487693,1434.405657866473,1528.9183748293744,1421.8856239327206,1500.247858274597,1483.3316869806542,1522.7519538611602,1496.1918577456331,1531.4616796313503,1483.5878438651648,1563.8253357540757,1524.7216356960023,1510.6691968367074,1571.090091972932,,1472.7344411380302,1499.8944552138803,0.4360061824884035,0.4946198467521491,0.3912033925022764,0.4735090134597547,0.2827515408268811,0.3008161483661867,0.479837391572334,0.3874069022653958,0.2980018515668499,0.3690961209177899,0.464657784775122,0.4372642012794864,0.4393455952687961,0.2519728621777578,0.2886030077866248,0.3884475441741896,0.399857515081865,0.2841907072006738,0.5403581798061275,0.6939082662778516,0.4224579794488325,1491.6311825157677,1501.3564770979913,1515.7909363112162,1522.2392281197835,1455.321174267497,1481.2877409166017,1486.9730069152624,1487.32084727801,1463.8252424561867,1531.3579221055809,1475.7833112802334,1481.2306196656923,1458.4877357840408,1489.9706465873078,1444.6652701962273,1490.1962306253454,1474.008258028352,1488.6011027291383,1501.5356093531886,1529.700828025273,1478.4004066249472,1491.4630729666253,1511.7903550663743,1501.8414633408045,1531.3171231987187,1537.122041575583,1441.1662032144422,1465.15645692977,1377.3076386246494,1469.8168585302435,1506.663998859018,1536.4887409478224,1417.4332229830711,1403.2380552757938,1414.4886212537217,1493.0947312521407,1491.6311825157677,1501.3564770979913,1515.7909363112162,1522.2392281197835,1455.321174267497,1481.2877409166017,1486.9730069152624,1487.32084727801,1463.8252424561867,1531.3579221055809,1475.7833112802334,1481.2306196656923,1458.4877357840408,1489.9706465873078,1444.6652701962273,1490.1962306253454,1474.008258028352,1488.6011027291383,1501.5356093531886,1529.700828025273,1478.4004066249472,1491.4630729666253,1511.7903550663743,1501.8414633408045,1531.3171231987187,1537.122041575583,1441.1662032144422,1465.15645692977,1377.3076386246494,1469.8168585302435,1506.663998859018,1536.4887409478224,1417.4332229830711,1403.2380552757938,1414.4886212537217,1493.0947312521407,0.4720375586222169,0.4814488436891102,0.4258139041632585,0.4989988362954916,0.3148592221247221,0.4843265229231983,0.4103641019029311,0.371871930986914,0.4580969337656577,0.4196369159075223,0.462473325770226,0.5286039463508406,0.483298317838594,0.4313861317055912,0.2563452422093044,0.414991088806534,0.5407662828379987,0.2880268929752886,0,0,0,0,0,0,0,0,0,0,1,0,0,0,1,0,1,0,3
1278,0,0,0,0,0,0,0,0,0,0,0,0,0,0,0,0,0,0,0,0,0,0,0,0,0,0,0,0,0,0,0,0,0,0,0,0,0,0,0,0,0,0,30,1587,,190.5,80.0,77.0,0.0,0.0,0.0,0.0,0.0,1.0,0.0,1.0,0.0,0.0,0.0,0.0,0.0,0.0,0.0,0.0,0.0,0.0,0.0,1.0,0.0,1.0,0.0,0.0,0.0,0.0,0.0,0.0,0.0,300.0,0.0,213.0,0.0,0.0,0.0,0.0,0.0,0.0,0.0,27.0,0.0,27.0,49.280551601516336,49.03491914329323,50.0,34.741251868116294,0.0,3.4991533826314027,49.280551601516336,49.03491914329323,50.0,34.741251868116294,0.0,3.4991533826314027,49.280551601516336,49.280551601516336,50.0,41.340408889201214,0.0,2.4991533826314027,49.280551601516336,49.280551601516336,50.0,41.340408889201214,0.0,2.4991533826314027,49.280551601516336,49.280551601516336,50.0,41.340408889201214,0.0,2.4991533826314027,,1509.2053722375797,,,,1493.3741786989765,,1494.5346432377669,,1532.4866367191555,,1494.2347940934894,,1499.6618760329627,,1453.8528841045163,,1497.0613219094382,,1469.3275163758135,,1488.4451646783853,,1498.5213686976988,,1500.3472704472676,,1517.4089577319746,,1506.4011154727525,,1495.3925354861146,,1446.4182247164626,,1502.7318793156755,,1467.526751290415,,1492.0443547749746,,1505.2247671625005,,1468.8037310915604,,,0.5190614043468953,0.5157253732665841,0.4075709171361539,0.5165875071498067,0.5009731977786301,0.6297835386680708,0.5084573887367445,0.5873763937327113,0.5332085296980125,0.5042557402194663,0.4990004766375361,0.4500600597395179,0.4815844425432145,0.5132582401766957,0.6495093006839417,0.4921376673878015,0.5923918653421244,0.5228821928596871,0.4849664439984791,0.5888371557145273,0.5,,1510.9119093880445,,1510.666393688464,,1480.1263696882982,,1508.7308684349111,,1527.0423890539016,,1469.29711753888,,1502.5261438913528,,,,1498.0319512295362,,1498.9249029970892,,1499.4537373561843,,,,1511.7004402231191,,1460.096637651969,,1451.626230130525,,1494.0224418115988,,1471.0072186810714,,1489.8583233725365,,1510.9119093880445,,1510.666393688464,,1480.1263696882982,,1508.7308684349111,,1527.0423890539016,,1469.29711753888,,1502.5261438913528,,,,1498.0319512295362,,1498.9249029970892,,1499.4537373561843,,,,1511.7004402231191,,1460.096637651969,,1451.626230130525,,1494.0224418115988,,1471.0072186810714,,1489.8583233725365,0.4686342415173528,0.4693381736022161,0.5569526614418576,0.474891677920233,0.4227884235901858,0.5874612140582152,0.4927296858684676,0.5,0.5056642573748291,0.5030943384105242,0.5015722650933836,0.5,0.4663742577075638,0.6128728824204196,0.6357404239232709,0.5171980084120991,0.5826816762176226,0.5291569745871253,0,0,0,0,0,0,0,0,0,0,0,0,0,0,0,0,0,0,5
1278,0,0,1,0,0,0,0,0,0,0,0,0,0,0,0,0,0,0,0,0,0,0,0,0,0,0,0,0,0,0,0,0,0,0,0,0,0,0,0,0,0,0,1708,1749,152.4,160.02,61.0,62.0,0.0,0.0,0.0,0.0,1.0,1.0,1.0,1.0,1.0,1.0,0.0,0.0,0.0,0.0,0.0,0.0,0.0,0.0,3.0,2.0,2.0,2.0,2.0,2.0,0.0,0.0,0.0,0.0,635.0,600.0,600.0,600.0,521.0,600.0,0.0,0.0,0.0,0.0,137.0,44.0,12.0,32.0,48.27570980235655,48.708181412061975,21.98054765542151,33.55409377044654,5.427491071436782,4.269210429700835,48.708181412061975,48.708181412061975,22.579301041497978,33.55409377044654,5.109653826240999,4.269210429700835,48.708181412061975,48.708181412061975,22.579301041497978,33.55409377044654,5.109653826240999,4.269210429700835,49.280551601516336,49.280551601516336,26.17651730311889,41.66872087886076,3.695440263867904,2.85499686732774,49.280551601516336,49.280551601516336,26.17651730311889,41.66872087886076,3.695440263867904,2.85499686732774,1455.0417562853463,1472.3221830434404,0.4504263380843265,0.5495736619156735,1465.6833081180357,1505.0248412458584,1471.9456637196604,1504.7713339446047,1486.5591118257469,1508.5357553217086,1462.4132398876502,1507.0920317227158,1475.480723359007,1503.476162759832,1551.272563878798,1503.26863299583,1508.1937599019543,1505.6398771263227,1475.4605160383746,1513.02119692569,1424.0604753219943,1539.268918975325,1449.674810654907,1507.8735920900408,1465.4961550150012,1506.2972937411946,1494.5053458857667,1514.4093690280574,1441.7481646483795,1511.9911653540564,1444.7084108704262,1506.3521737439198,1549.428082048493,1501.3917352898077,1492.2565107646658,1509.050455660855,1454.6228254463224,1521.869903409398,1422.8851001007188,1520.6130251377797,1462.410415526968,1536.1203797938388,1499.8051109211467,,1481.7123822761178,,0.3886629000008725,0.4066287875014072,0.4370814316856284,0.3741664708476996,0.4201130309595854,0.6347538273223063,0.5073501359919839,0.3935454272892384,0.2097577542923882,0.3384882798830605,0.3846776729454791,0.4429609976526704,0.3081670685712746,0.3296651221508422,0.6348403465448567,0.4518131625630228,0.3155689743561004,0.2450601629110149,0.2997229856512871,0.4994390643756368,0.4475575877020231,1472.3514885831396,1495.4514703868442,1495.3441797016972,1496.9947063988434,1505.7253844527845,1466.759522376111,1446.9428662457456,1491.595344283369,1475.19159669167,1515.6747594525004,1532.2384079812634,1535.2263193277488,1473.3305149695962,1495.998080441954,1472.8432815675494,1495.8840110669232,1476.812800011401,1460.2793266568356,1480.932544883888,1508.35762181235,1479.7095910341377,1502.387408211373,1472.191300012843,1499.3681585976549,1482.4379336562415,1514.988254382058,1448.7601416807845,1489.838170747602,1484.2518068957258,1455.3151309951477,1510.687046269982,1508.2900658101726,1454.6228254463224,1494.3826684742205,1446.5201818122612,,1472.3514885831396,1495.4514703868442,1495.3441797016972,1496.9947063988434,1505.7253844527845,1466.759522376111,1446.9428662457456,1491.595344283369,1475.19159669167,1515.6747594525004,1532.2384079812634,1535.2263193277488,1473.3305149695962,1495.998080441954,1472.8432815675494,1495.8840110669232,1476.812800011401,1460.2793266568356,1480.932544883888,1508.35762181235,1479.7095910341377,1502.387408211373,1472.191300012843,1499.3681585976549,1482.4379336562415,1514.988254382058,1448.7601416807845,1489.838170747602,1484.2518068957258,1455.3151309951477,1510.687046269982,1508.2900658101726,1454.6228254463224,1494.3826684742205,1446.5201818122612,,0.4339020336988044,0.4952495452340749,0.6103089516890288,0.3742374138342811,0.3855445600520838,0.4914009477877833,0.4351252777058336,0.4340696027397559,0.5474439963934243,0.4217135928024114,0.4350962678936672,0.4224106638194141,0.4073938955697507,0.3839233919664755,0.5825245992555534,0.5068986265431967,0.3875192213035693,0.3507579637666104,0,0,0,0,0,0,0,0,0,0,0,0,0,0,0,0,0,0,1
1278,0,0,1,0,0,0,0,0,0,0,0,0,0,0,0,0,0,0,0,0,0,0,0,0,0,0,0,0,0,0,0,0,0,0,0,0,0,0,0,0,0,0,1830,1783,170.18,172.72,67.0,68.0,0.0,0.0,1.0,1.0,1.0,1.0,1.0,1.0,1.0,1.0,1.0,1.0,1.0,1.0,0.0,0.0,1.0,2.0,9.0,12.0,8.0,11.0,8.0,10.0,1.0,2.0,1.0,2.0,2611.0,3591.0,2400.0,3256.0,2400.0,3000.0,300.0,600.0,300.0,600.0,237.0,452.0,23.0,34.0,41.433399321702346,33.947506404498085,22.86777445226047,24.514536008477016,7.104203005253607,8.051020709250029,43.28073540535698,36.72751088672665,23.137585139755387,24.74838616648539,6.932630129999797,7.903543884467675,43.28073540535698,39.2423431452002,23.137585139755387,25.0013388623584,6.932630129999797,7.749196754280655,49.03491914329323,48.708181412061975,26.91793603558461,28.61778102752772,5.104203005253607,6.00113265648537,49.03491914329323,48.708181412061975,26.91793603558461,28.61778102752772,5.104203005253607,6.00113265648537,1633.028255307588,1584.9265822554291,0.6350146784818442,0.3649853215181557,1517.6966959503668,1495.3403567996904,1504.1117836172236,1502.242454774882,1529.1632001606702,1490.74927788934,1521.1331816005315,1511.9206435791823,1518.1876254116437,1437.3346966720565,1495.7466603367318,1422.488611738336,1510.2532807524012,1503.2442722685876,1526.5842979479985,1486.783348931665,1549.5738455732428,1475.150444738062,1534.8623253764404,1488.2975820305487,1512.2667976555451,1499.967142842742,1594.840499542703,1572.9283754058113,1541.1828692487693,1520.0050768829776,1528.9183748293744,1434.405657866473,1500.247858274597,1421.8856239327206,1522.7519538611602,1483.3316869806542,1531.4616796313503,1496.1918577456331,1563.8253357540757,1483.5878438651648,1510.6691968367074,1524.7216356960023,,1571.090091972932,1499.8944552138803,1472.7344411380302,0.5639938175115964,0.5053801532478508,0.6087966074977236,0.5264909865402453,0.7172484591731189,0.6991838516338134,0.520162608427666,0.6125930977346041,0.7019981484331501,0.6309038790822101,0.5353422152248779,0.5627357987205136,0.5606544047312039,0.7480271378222422,0.7113969922133752,0.6115524558258103,0.6001424849181349,0.7158092927993263,0.4596418201938724,0.3060917337221484,0.5775420205511674,1501.3564770979913,1491.6311825157677,1522.2392281197835,1515.7909363112162,1481.2877409166017,1455.321174267497,1487.32084727801,1486.9730069152624,1531.3579221055809,1463.8252424561867,1481.2306196656923,1475.7833112802334,1489.9706465873078,1458.4877357840408,1490.1962306253454,1444.6652701962273,1488.6011027291383,1474.008258028352,1529.700828025273,1501.5356093531886,1491.4630729666253,1478.4004066249472,1501.8414633408045,1511.7903550663743,1537.122041575583,1531.3171231987187,1465.15645692977,1441.1662032144422,1469.8168585302435,1377.3076386246494,1536.4887409478224,1506.663998859018,1403.2380552757938,1417.4332229830711,1493.0947312521407,1414.4886212537217,1501.3564770979913,1491.6311825157677,1522.2392281197835,1515.7909363112162,1481.2877409166017,1455.321174267497,1487.32084727801,1486.9730069152624,1531.3579221055809,1463.8252424561867,1481.2306196656923,1475.7833112802334,1489.9706465873078,1458.4877357840408,1490.1962306253454,1444.6652701962273,1488.6011027291383,1474.008258028352,1529.700828025273,1501.5356093531886,1491.4630729666253,1478.4004066249472,1501.8414633408045,1511.7903550663743,1537.122041575583,1531.3171231987187,1465.15645692977,1441.1662032144422,1469.8168585302435,1377.3076386246494,1536.4887409478224,1506.663998859018,1403.2380552757938,1417.4332229830711,1493.0947312521407,1414.4886212537217,0.527962441377783,0.5185511563108898,0.5741860958367415,0.5010011637045084,0.6851407778752778,0.5156734770768017,0.5896358980970688,0.6281280690130859,0.5419030662343423,0.5803630840924776,0.537526674229774,0.4713960536491594,0.5167016821614059,0.5686138682944089,0.7436547577906956,0.585008911193466,0.4592337171620013,0.7119731070247114,0,0,0,0,0,0,0,0,0,0,0,1,0,0,0,1,0,1,3
1278,0,0,0,0,0,0,0,0,0,0,0,0,0,0,0,0,0,0,0,0,0,0,0,0,0,0,0,0,0,0,0,0,0,0,0,0,0,0,0,0,0,0,1841,1675,190.5,177.8,80.0,71.0,0.0,0.0,0.0,0.0,1.0,0.0,1.0,0.0,1.0,0.0,0.0,0.0,0.0,0.0,0.0,0.0,0.0,0.0,6.0,0.0,6.0,0.0,4.0,0.0,0.0,0.0,0.0,0.0,1800.0,0.0,1596.0,0.0,1106.0,0.0,0.0,0.0,0.0,0.0,226.0,0.0,54.0,0.0,46.0099804352126,49.280551601516336,33.815033891480965,50.0,6.51820225589423,0.0,46.0099804352126,49.280551601516336,33.815033891480965,50.0,6.51820225589423,0.0,47.70703296404525,49.280551601516336,35.27767003671522,50.0,6.068712513111052,0.0,49.280551601516336,49.280551601516336,44.7828538474227,50.0,4.068712513111052,0.0,49.280551601516336,49.280551601516336,44.7828538474227,50.0,4.068712513111052,0.0,1542.2180302864513,1533.5482831121371,0.5249328414794718,0.4750671585205281,1499.3284565873248,1510.1753734594622,1479.396543652936,1515.1252274357648,1464.2845093624749,1515.4002956346542,1504.642404226141,1512.462692529104,1471.1821262521034,1497.9992287132982,1470.828940388813,1505.6185755328615,1504.4881079233996,1502.54192627919,1477.7044970192228,1516.1225761504986,1437.987335752646,1529.8696726747223,1499.706435920949,1516.1121616749672,1469.2624031893072,1517.746030637494,1477.6316534610005,1526.3572603951984,1511.5813090050642,1523.4437306555178,1464.684591959919,1501.8352026914831,1464.557323652759,1506.502670958096,1505.8572207368595,1507.8658958824817,1498.6859724666715,1512.0552703315302,1429.4240661842955,1529.998883760928,1457.965202252929,1518.5964048723883,1502.7217105998898,1524.6402758007582,1520.841727331501,,0.4688205732392744,0.3985904567249246,0.3569808797824973,0.4775065935178593,0.4234215142386926,0.4011848939150015,0.5056013267139948,0.3911919946333057,0.2577235026636325,0.4529204055627926,0.3639667350581239,0.3633220599080385,0.4659101755211098,0.394672766256165,0.3815643439769909,0.4942188258362874,0.461595857903582,0.2390471876122781,0.3322463698904929,0.4372459543517382,0.5597011435099166,1494.476053208533,1504.996300206837,1500.9993770251042,1507.3584361868411,1428.167487166566,1514.048896777968,1492.4118734420222,1503.4867026357674,1481.9157848655248,1519.5435923518678,1513.5769245241245,1508.1997347900897,1492.36407581347,1500.3369764116053,1469.8619348652155,1480.2785894428948,1422.0715448125625,1508.0805938650058,1507.211139609385,1508.533773709815,1479.23691863134,1501.54751211136,1446.5052668902092,1506.7366212239094,1520.4751998409276,1518.976276536957,1483.5641427638477,1487.057104334394,1404.348963237942,1487.5956363665591,1514.1787731402144,1508.6044634531663,1441.234039637655,1477.8026158187577,1395.0130257545527,,1494.476053208533,1504.996300206837,1500.9993770251042,1507.3584361868411,1428.167487166566,1514.048896777968,1492.4118734420222,1503.4867026357674,1481.9157848655248,1519.5435923518678,1513.5769245241245,1508.1997347900897,1492.36407581347,1500.3369764116053,1469.8619348652155,1480.2785894428948,1422.0715448125625,1508.0805938650058,1507.211139609385,1508.533773709815,1479.23691863134,1501.54751211136,1446.5052668902092,1506.7366212239094,1520.4751998409276,1518.976276536957,1483.5641427638477,1487.057104334394,1404.348963237942,1487.5956363665591,1514.1787731402144,1508.6044634531663,1441.234039637655,1477.8026158187577,1395.0130257545527,,0.469757257242179,0.4817053272071651,0.271159784370668,0.4681671935545828,0.3933609946704121,0.515471855147232,0.4770682464268875,0.4700543400494431,0.2708694609342497,0.4961932266032348,0.4361356966654224,0.3332684670367511,0.5043141410056529,0.4899478030963732,0.2771961027043887,0.5160386485825915,0.3962747822008538,0.229929875304356,0,0,0,0,0,0,0,0,0,0,1,0,0,0,1,0,1,0,6
1278,0,0,0,0,0,0,0,0,0,0,0,0,0,0,0,0,0,0,0,0,0,0,0,0,0,0,0,0,0,0,0,0,0,0,0,0,0,0,0,0,0,0,1525,1781,172.72,172.72,69.0,69.0,0.0,0.0,0.0,0.0,1.0,1.0,1.0,1.0,1.0,1.0,0.0,0.0,0.0,0.0,0.0,0.0,0.0,0.0,2.0,3.0,2.0,2.0,2.0,2.0,0.0,0.0,0.0,0.0,600.0,796.0,600.0,600.0,600.0,600.0,0.0,0.0,0.0,0.0,89.0,187.0,24.0,124.0,48.708181412061975,48.27570980235655,28.214722656435644,62.10306586424426,4.789070815120794,5.659382279691339,48.708181412061975,48.708181412061975,28.214722656435644,64.61541992294836,4.789070815120794,5.341545034495557,48.708181412061975,48.708181412061975,28.214722656435644,64.61541992294836,4.789070815120794,5.341545034495557,49.280551601516336,49.280551601516336,33.784517875583575,79.53389056475014,3.3748572527476988,3.9273314721224617,49.280551601516336,49.280551601516336,33.784517875583575,79.53389056475014,3.3748572527476988,3.9273314721224617,1567.5672637640855,1557.061244924599,0.5302019404451846,0.4697980595548153,1482.2164700130131,1510.5892923933984,1501.1716311517955,1513.3304430684975,1543.0025745202788,1532.5597656720684,1478.063816628835,1498.5073014485208,1496.2705372119117,1510.656617530977,1469.1106316966147,1571.2482171824258,1484.1588568741822,1508.7694490312304,1461.4556521335055,1501.5588536090777,1519.8101357920025,1512.9777468350744,1478.472800490984,1517.8044177316556,1504.3221831193891,1514.349828999842,1544.9275935308128,1514.5985689717809,1477.6371233302557,1495.7131184790085,1486.0136761412562,1512.8867203470074,1467.2805153508746,1578.0040444163044,1477.4685108198437,1528.7690118464118,1478.6636603159843,1498.7875972631496,1523.1977401242093,1506.2367146942156,1548.5561548420155,1518.819355086789,1480.250871990719,1513.795760528259,,,0.4190549324380581,0.4650611608569122,0.5300206672953602,0.441429056212233,0.4586879283902316,0.2357897537218783,0.4296351427663413,0.3865813882956816,0.5196550625743174,0.3886900254306248,0.4711701286865994,0.5864176981056688,0.4481600625265599,0.4232642856128014,0.2184449182070202,0.3564928752114147,0.4423363626273267,0.5486632230553974,0.5847630883288915,0.4046324548832493,0.5,1495.4789022716066,1502.3102344204704,1503.5428981022797,1518.138641612143,1489.360613253751,1473.4286550503157,1492.947472708486,1476.5489036621454,1470.6350665487969,1526.0606410458245,1485.795010699818,1534.845585260126,1478.3310452637677,1498.6132837772418,1467.6523144359423,1474.0064599049565,1457.024761642272,1498.480876192714,1491.8850395965155,1514.3875908506095,1491.6593729055044,1489.603590744759,1485.6742249985448,1476.0805833512704,1508.9569167260313,1525.283164254426,1479.3273559738311,1456.1702863085568,1444.7963812135824,1476.5111992944535,1497.067024687006,1523.149649604686,1478.9890982458585,1459.32660028674,1459.781349723183,1455.3541541949128,1495.4789022716066,1502.3102344204704,1503.5428981022797,1518.138641612143,1489.360613253751,1473.4286550503157,1492.947472708486,1476.5489036621454,1470.6350665487969,1526.0606410458245,1485.795010699818,1534.845585260126,1478.3310452637677,1498.6132837772418,1467.6523144359423,1474.0064599049565,1457.024761642272,1498.480876192714,1491.8850395965155,1514.3875908506095,1491.6593729055044,1489.603590744759,1485.6742249985448,1476.0805833512704,1508.9569167260313,1525.283164254426,1479.3273559738311,1456.1702863085568,1444.7963812135824,1476.5111992944535,1497.067024687006,1523.149649604686,1478.9890982458585,1459.32660028674,1459.781349723183,1455.3541541949128,0.4803479744641724,0.4580886489339396,0.5457277277393277,0.5470591783242585,0.3456737864359166,0.3624570624481321,0.4418868414924799,0.4817194510322711,0.3828943456437188,0.4355922884934465,0.5059167404977793,0.5275846829638997,0.4531471438902665,0.5662593998769412,0.4097182258721104,0.4254872477581416,0.5563527753285078,0.512739735066488,0,0,0,0,0,0,0,0,0,0,0,0,0,0,0,0,0,0,2
1278,0,0,0,0,0,0,0,0,0,0,0,0,0,0,0,0,0,0,0,0,0,0,0,0,0,0,0,0,0,0,0,0,0,0,0,0,0,0,0,0,0,0,1577,1970,187.96,170.18,79.0,,0.0,0.0,0.0,0.0,1.0,1.0,1.0,1.0,1.0,1.0,0.0,0.0,0.0,0.0,0.0,0.0,0.0,0.0,6.0,1.0,4.0,1.0,3.0,1.0,0.0,0.0,0.0,0.0,1567.0,300.0,1080.0,300.0,900.0,196.0,0.0,0.0,0.0,0.0,131.0,11.0,22.0,11.0,46.0099804352126,49.03491914329323,24.26322073112398,28.83957921824017,6.111591184722956,2.8636799873410004,47.70703296404525,49.03491914329323,25.19074927964792,28.83957921824017,5.662101441939778,2.8636799873410004,48.27570980235655,49.03491914329323,25.803370551565084,28.83957921824017,5.394152249508656,2.8636799873410004,49.280551601516336,49.280551601516336,31.375780048739333,34.89016222446897,3.662101441939778,1.8636799873410004,49.280551601516336,49.280551601516336,31.375780048739333,34.89016222446897,3.662101441939778,1.8636799873410004,1491.0444322783296,1452.0611386348714,0.6103566807259406,0.3896433192740594,1497.6291607427072,1476.4910732409146,1487.4680278403096,1479.8377393294106,1464.2352339217423,1505.4141581493218,1503.787401545426,1474.5098250947622,1464.5073377474232,1491.2925385623723,1548.5262475895452,1486.3664783321435,1501.7730847715084,1485.2490617718336,1477.9654475367863,1522.3173276252746,1472.5186830995406,1473.2004092422292,1486.2755002952797,1479.7135740652604,1468.4163985490932,1484.865733073612,1445.9737759358031,1499.8240115929095,1502.5339218469012,1473.4928547498473,1447.9340374100486,1509.5595239433037,1543.1092892212164,1510.561365824826,1483.9575708462835,1502.0983674376816,1480.6349557361266,1521.6298332153394,1480.766911464061,1468.8409117916403,1471.1847070800216,1499.9862677477884,1455.5874562440072,1483.386002376266,1464.8456786958925,,0.5605418035477711,0.521947623233711,0.3836486805424444,0.5834787507990407,0.4235111832440217,0.6716463680898497,0.5474170408506991,0.3750482201639417,0.4980378445055592,0.518877764260444,0.4527960051948584,0.3497874217408201,0.5828168472934098,0.3297116224032552,0.5925994410414075,0.4479755610564079,0.3841498479295592,0.5342719615499598,0.4178537482148096,0.4206653684609719,0.4001766595136111,1463.4637560393328,1516.2354970044848,1466.8277970747708,1521.6133259783726,1461.359652554282,1476.1207967216228,1442.4902423704168,1494.1185183433156,1484.9052683201269,1531.8249970097077,1501.0954523501175,1513.8844899921487,1459.081672586582,1490.0923138699927,1482.1929953396352,1529.5828731919428,1473.4632764464036,1515.8515691090824,1512.635032822739,1493.6836114668858,1498.960236399808,1491.3478689816022,1460.7011585655953,1506.314844551953,1534.1561777651193,1494.9471758237996,1477.18077563666,1505.879158090366,1432.4294070395745,1503.740808732144,1508.821742507592,1526.1800330468432,1456.1163074002836,1475.3597241992418,1470.4444228754082,1450.930451752143,1463.4637560393328,1516.2354970044848,1466.8277970747708,1521.6133259783726,1461.359652554282,1476.1207967216228,1442.4902423704168,1494.1185183433156,1484.9052683201269,1531.8249970097077,1501.0954523501175,1513.8844899921487,1459.081672586582,1490.0923138699927,1482.1929953396352,1529.5828731919428,1473.4632764464036,1515.8515691090824,1512.635032822739,1493.6836114668858,1498.960236399808,1491.3478689816022,1460.7011585655953,1506.314844551953,1534.1561777651193,1494.9471758237996,1477.18077563666,1505.879158090366,1432.4294070395745,1503.740808732144,1508.821742507592,1526.1800330468432,1456.1163074002836,1475.3597241992418,1470.4444228754082,1450.930451752143,0.3526166529721201,0.3473423761566325,0.4576159703646043,0.355627648296752,0.368144933914823,0.4632565480530178,0.4116803553801382,0.3668867423951027,0.3803617057936221,0.5543312085807159,0.5218961413356511,0.3716494904332783,0.610974497061193,0.4181427313088465,0.3055508236198241,0.4502044410270942,0.444838436819447,0.5559306704265135,0,0,0,0,0,0,0,0,0,0,0,0,0,0,0,0,0,0,7
1278,0,0,0,0,0,0,0,0,0,0,0,0,0,0,0,0,0,0,0,0,0,0,0,0,0,0,0,0,0,0,0,0,0,0,0,0,0,0,0,0,0,0,1675,1841,177.8,190.5,71.0,80.0,0.0,0.0,0.0,0.0,0.0,1.0,0.0,1.0,0.0,1.0,0.0,0.0,0.0,0.0,0.0,0.0,0.0,0.0,0.0,6.0,0.0,6.0,0.0,4.0,0.0,0.0,0.0,0.0,0.0,1800.0,0.0,1596.0,0.0,1106.0,0.0,0.0,0.0,0.0,0.0,226.0,0.0,54.0,49.280551601516336,46.0099804352126,50.0,33.815033891480965,0.0,6.51820225589423,49.280551601516336,46.0099804352126,50.0,33.815033891480965,0.0,6.51820225589423,49.280551601516336,47.70703296404525,50.0,35.27767003671522,0.0,6.068712513111052,49.280551601516336,49.280551601516336,50.0,44.7828538474227,0.0,4.068712513111052,49.280551601516336,49.280551601516336,50.0,44.7828538474227,0.0,4.068712513111052,1533.5482831121371,1542.2180302864513,0.4750671585205281,0.5249328414794718,1510.1753734594622,1499.3284565873248,1515.1252274357648,1479.396543652936,1515.4002956346542,1464.2845093624749,1512.462692529104,1504.642404226141,1497.9992287132982,1471.1821262521034,1505.6185755328615,1470.828940388813,1502.54192627919,1504.4881079233996,1516.1225761504986,1477.7044970192228,1529.8696726747223,1437.987335752646,1516.1121616749672,1499.706435920949,1517.746030637494,1469.2624031893072,1526.3572603951984,1477.6316534610005,1523.4437306555178,1511.5813090050642,1501.8352026914831,1464.684591959919,1506.502670958096,1464.557323652759,1507.8658958824817,1505.8572207368595,1512.0552703315302,1498.6859724666715,1529.998883760928,1429.4240661842955,1518.5964048723883,1457.965202252929,1524.6402758007582,1502.7217105998898,,1520.841727331501,0.5311794267607255,0.6014095432750753,0.6430191202175026,0.5224934064821407,0.5765784857613074,0.5988151060849984,0.4943986732860052,0.6088080053666943,0.7422764973363676,0.5470795944372073,0.6360332649418761,0.6366779400919615,0.5340898244788901,0.6053272337438349,0.6184356560230091,0.5057811741637126,0.538404142096418,0.7609528123877218,0.6677536301095071,0.5627540456482618,0.4402988564900834,1504.996300206837,1494.476053208533,1507.3584361868411,1500.9993770251042,1514.048896777968,1428.167487166566,1503.4867026357674,1492.4118734420222,1519.5435923518678,1481.9157848655248,1508.1997347900897,1513.5769245241245,1500.3369764116053,1492.36407581347,1480.2785894428948,1469.8619348652155,1508.0805938650058,1422.0715448125625,1508.533773709815,1507.211139609385,1501.54751211136,1479.23691863134,1506.7366212239094,1446.5052668902092,1518.976276536957,1520.4751998409276,1487.057104334394,1483.5641427638477,1487.5956363665591,1404.348963237942,1508.6044634531663,1514.1787731402144,1477.8026158187577,1441.234039637655,,1395.0130257545527,1504.996300206837,1494.476053208533,1507.3584361868411,1500.9993770251042,1514.048896777968,1428.167487166566,1503.4867026357674,1492.4118734420222,1519.5435923518678,1481.9157848655248,1508.1997347900897,1513.5769245241245,1500.3369764116053,1492.36407581347,1480.2785894428948,1469.8619348652155,1508.0805938650058,1422.0715448125625,1508.533773709815,1507.211139609385,1501.54751211136,1479.23691863134,1506.7366212239094,1446.5052668902092,1518.976276536957,1520.4751998409276,1487.057104334394,1483.5641427638477,1487.5956363665591,1404.348963237942,1508.6044634531663,1514.1787731402144,1477.8026158187577,1441.234039637655,,1395.0130257545527,0.530242742757821,0.5182946727928348,0.7288402156293319,0.5318328064454172,0.6066390053295879,0.4845281448527679,0.5229317535731125,0.529945659950557,0.7291305390657503,0.5038067733967653,0.5638643033345776,0.6667315329632488,0.4956858589943471,0.5100521969036268,0.7228038972956112,0.4839613514174085,0.6037252177991461,0.770070124695644,0,0,0,0,0,0,0,0,0,0,0,1,0,0,0,1,0,1,6
1278,1,0,0,0,0,0,0,0,0,0,0,0,0,0,0,0,0,0,0,0,0,0,0,0,0,0,0,0,0,0,0,0,0,0,0,0,0,0,0,0,0,0,1745,1638,182.88,180.34,75.0,74.0,0.0,0.0,0.0,0.0,1.0,1.0,1.0,1.0,1.0,1.0,0.0,0.0,0.0,0.0,0.0,0.0,0.0,0.0,8.0,7.0,4.0,6.0,1.0,4.0,0.0,0.0,0.0,0.0,1701.0,2064.0,508.0,1646.0,300.0,1200.0,0.0,0.0,0.0,0.0,280.0,183.0,44.0,23.0,43.28073540535698,44.795661025480086,29.26041655211449,23.769776533810656,7.057193126746499,6.55695312927133,47.70703296404525,46.0099804352126,31.393903747918515,24.12486620151737,6.2287660020003095,6.360691560989917,49.03491914329323,47.70703296404525,34.69606093978393,25.01144678351202,5.2287660020003095,5.91120181820674,49.280551601516336,49.280551601516336,39.203656433142726,30.82848216103104,4.2287660020003095,3.9112018182067394,49.280551601516336,49.280551601516336,39.203656433142726,30.82848216103104,4.2287660020003095,3.9112018182067394,1608.2128373673886,1595.914155968331,0.5353394275119513,0.4646605724880487,1549.0615607530126,1507.6255240789742,1539.233848523271,1507.894898016946,1484.4820310089012,1524.3256900949057,1553.6772166480382,1513.12937977233,1559.1101451212917,1485.53951049793,1512.0529087085397,1458.8521812390231,1534.8295564672228,1500.0717077853803,1556.390017419803,1516.961894741517,1603.9690584056025,1547.8695283542047,1546.0024615491932,1515.792851672932,1539.7284066803477,1511.236740311648,1488.8899701860712,1506.632675432828,1558.6323312052618,1530.9297032822687,1551.8771170801713,1474.9049520323358,1510.3454809450498,1462.5088928128075,1533.1476391601325,1506.728955225991,1532.651621619125,1506.4922321983854,1577.5958033024378,1545.6360378563072,1498.9831300103112,1532.01223667961,1528.4904953640548,1501.9325633752983,1556.1224169118063,1552.042676189552,0.6170510341038898,0.5892348041290122,0.3872902128742552,0.6146318178326835,0.699940224810515,0.6485099652485771,0.5987271874560138,0.611573940941733,0.6560791081750397,0.5860842225771217,0.5812781262540805,0.4491092237616871,0.5790654836292469,0.7081001550777037,0.6343070447449268,0.5754582526910184,0.5747287771008295,0.5909636295176498,0.4060637934436866,0.5758498650851893,0.5117402793835091,1490.9234846551456,1505.4957107077132,1507.4270678148278,1507.1533762166562,1472.4854854426462,1436.0665130340983,1495.1302537293154,1500.2166782479535,1524.2234841310892,1498.2160692932591,1526.3270992798896,1519.0055715561691,1490.7966790610585,1498.0281515714305,1445.2318229566856,1455.3070317405293,1464.7984213410818,1480.7678219263053,1502.0171666451374,1507.67668197924,1489.7360828170674,1497.3075148956118,1512.2263209969235,1488.3845910404443,1538.088250951991,1525.8503649551617,1454.422834499007,1454.738035203503,1404.3465719696703,1431.161210313514,1503.8891799492765,1507.0328977988877,1451.815923576851,1392.1586004881465,1497.0897034109582,1425.412663320319,1490.9234846551456,1505.4957107077132,1507.4270678148278,1507.1533762166562,1472.4854854426462,1436.0665130340983,1495.1302537293154,1500.2166782479535,1524.2234841310892,1498.2160692932591,1526.3270992798896,1519.0055715561691,1490.7966790610585,1498.0281515714305,1445.2318229566856,1455.3070317405293,1464.7984213410818,1480.7678219263053,1502.0171666451374,1507.67668197924,1489.7360828170674,1497.3075148956118,1512.2263209969235,1488.3845910404443,1538.088250951991,1525.8503649551617,1454.422834499007,1454.738035203503,1404.3465719696703,1431.161210313514,1503.8891799492765,1507.0328977988877,1451.815923576851,1392.1586004881465,1497.0897034109582,1425.412663320319,0.4581558627821952,0.5007877470907564,0.6033130809191144,0.4853642756079759,0.5743010741273086,0.5210605822919159,0.4791981632042838,0.4710336889377467,0.4541654079121459,0.4837163660676105,0.4782214553006919,0.5681943836159797,0.5351653141075473,0.4990927804412394,0.4234284401891002,0.4909526402980896,0.6652614438162912,0.6953416706380934,2,0,0,0,0,0,0,0,0,1,0,0,2,1,0,0,2,1,4
1278,0,0,1,0,0,0,0,0,0,0,0,0,0,0,0,0,0,0,0,0,0,0,0,0,0,0,0,0,0,0,0,0,0,0,0,0,0,0,0,0,0,0,1828,1719,154.94,157.48000000000002,58.0,61.0,0.0,0.0,0.0,0.0,1.0,1.0,1.0,1.0,1.0,1.0,0.0,0.0,0.0,0.0,0.0,0.0,0.0,0.0,2.0,4.0,2.0,4.0,2.0,3.0,0.0,0.0,0.0,0.0,600.0,1200.0,600.0,988.0,600.0,593.0,0.0,0.0,0.0,0.0,69.0,243.0,34.0,106.0,48.708181412061975,47.70703296404525,33.07461563937996,52.724167988299484,4.600584993910115,6.122876168969902,48.708181412061975,47.70703296404525,33.07461563937996,52.724167988299484,4.600584993910115,6.122876168969902,48.708181412061975,48.27570980235655,33.07461563937996,54.3354310382307,4.600584993910115,5.85492697653878,49.280551601516336,49.280551601516336,40.43027439955091,68.6278168514709,3.18637143153702,4.122876168969902,49.280551601516336,49.280551601516336,40.43027439955091,68.6278168514709,3.18637143153702,4.122876168969902,1525.8162937927657,1496.8934775939183,0.5824857940082844,0.4175142059917156,1509.3808122574403,1480.1676335117245,1507.9061912473207,1487.8094364894368,1564.2674496988593,1479.289659212299,1507.2578436772974,1484.2309028565442,1516.1241780360067,1432.1868325776768,1513.517463047362,1561.115000155898,1502.2677689052057,1483.9007246213337,1532.938620456949,1478.0277583575537,1531.5223994915077,1474.049091779685,1502.7408967779786,1471.5817543253766,1497.9366968149118,1487.5514117490477,1561.112457173983,1469.027731992211,1493.719927759583,1474.635874212588,1518.0077484093597,1437.2173841350657,1509.3712974853788,1565.729773709454,1489.2186182332246,1477.6651755394246,1526.770364523186,1467.2926960373718,1508.6833676504675,1473.4906151474158,1524.814603014372,1471.938944427875,1524.8708331505834,1484.3562881911337,1475.482540428353,1476.1464835179777,0.5832985547975661,0.5575864399273633,0.7267793012787656,0.5658913998935392,0.7243942532157661,0.3663315902555564,0.5526684945796094,0.652984662630088,0.6596390025309895,0.5887336665839653,0.5298556941286247,0.7427219950167212,0.5547084158704815,0.7171023572336395,0.3432485229496307,0.5332045390723684,0.6648006883941663,0.5999295407400094,0.6476564098718073,0.6145410285768437,0.4980890274788174,1480.8099909110103,1495.275650961667,1487.3460365760209,1514.3249634205422,1484.6154385879397,1463.6128535277571,1472.1171381820852,1488.784770473363,1494.709699735926,1486.089876439917,1492.9524601611429,1463.9076382424523,1466.358563355181,1476.321663999893,1483.8843397220542,1499.3120588647237,1480.7622617059185,1500.6513711501914,1514.8173206522608,1483.1340913741774,1498.35713453085,1478.711376636895,1491.786574733081,1461.626333790895,1516.5264405163368,1487.147775241765,1476.3243795088706,1453.8865826422325,1491.1105677927449,1479.1858381766651,1516.5386589811608,1500.1938052898806,1467.1842301286651,1457.6893090154747,1437.6787059336943,1452.1796508237633,1480.8099909110103,1495.275650961667,1487.3460365760209,1514.3249634205422,1484.6154385879397,1463.6128535277571,1472.1171381820852,1488.784770473363,1494.709699735926,1486.089876439917,1492.9524601611429,1463.9076382424523,1466.358563355181,1476.321663999893,1483.8843397220542,1499.3120588647237,1480.7622617059185,1500.6513711501914,1514.8173206522608,1483.1340913741774,1498.35713453085,1478.711376636895,1491.786574733081,1461.626333790895,1516.5264405163368,1487.147775241765,1476.3243795088706,1453.8865826422325,1491.1105677927449,1479.1858381766651,1516.5386589811608,1500.1938052898806,1467.1842301286651,1457.6893090154747,1437.6787059336943,1452.1796508237633,0.4584604517957541,0.4229667367853164,0.5601574779413995,0.4521733679674442,0.5247895042605797,0.5828273580095894,0.4713552911271512,0.4557118280871033,0.4430033645229718,0.5901938156365282,0.5563052050624329,0.58594633260208,0.5837615699426149,0.5642244172537476,0.5342683232067383,0.5469059381837224,0.5273013984021345,0.4583595965341742,0,0,0,0,0,0,0,0,0,0,0,0,0,0,0,0,0,0,1
1278,0,0,0,0,0,0,0,0,0,0,0,0,0,0,0,0,0,0,0,0,0,0,0,0,0,0,0,0,0,0,0,0,0,0,0,0,0,0,0,0,0,0,1814,2035,185.42,175.26,77.0,74.0,0.0,0.0,0.0,0.0,1.0,1.0,1.0,1.0,1.0,1.0,0.0,0.0,0.0,0.0,0.0,0.0,0.0,0.0,5.0,5.0,4.0,3.0,3.0,2.0,0.0,0.0,0.0,0.0,1232.0,1272.0,997.0,630.0,900.0,410.0,0.0,0.0,0.0,0.0,94.0,137.0,8.0,27.0,46.96567279915026,46.96567279915026,20.14275838798917,26.361465593420043,5.651475646200195,5.931508241367694,47.70703296404525,48.27570980235655,20.50198329634177,27.596429368900345,5.415407668700405,5.427491071436782,48.27570980235655,48.708181412061975,20.941845149860345,28.47584840470015,5.147458476269282,5.109653826240999,49.280551601516336,49.280551601516336,25.004047871233333,33.75925978895587,3.4154076687004054,3.695440263867904,49.280551601516336,49.280551601516336,25.004047871233333,33.75925978895587,3.4154076687004054,3.695440263867904,1551.9427652754548,1539.247287402714,0.536475608945084,0.4635243910549161,1536.5113229872784,1553.2497456522435,1539.8694268151169,1553.1243805580991,1539.6572740375318,1553.6776705567318,1532.0538301697395,1563.9474278938037,1556.1955307988665,1509.5050084011689,1537.749390915257,1471.483960114124,1529.0398925080726,1528.080984781692,1547.5864256227658,1499.4031083802463,1548.98843807988,1604.4207921906584,1556.6390738943846,1551.835184252958,1551.7901329744325,1548.3959044096011,1554.6516197848505,1559.8323998125315,1538.2269082832174,1576.312326431668,1578.93195014666,1501.9164075474828,1583.8709668353777,1438.9828787816348,1572.9967794001084,1517.4891341042314,1535.411353520901,1480.854139080671,1549.8765459615563,1601.7055769958642,1518.1269119693209,1601.3252727710649,1476.0677549325596,1531.0747910116472,1546.6496011380036,1531.1148319663027,0.4519714890036787,0.4619230416540385,0.4597334459656053,0.4092205259553459,0.6312410221972384,0.6819849682767333,0.5027599302642456,0.6352325071311383,0.345656132311639,0.5138231824448323,0.5097681321147675,0.4850929356549336,0.3921045061620657,0.7082033680151401,0.8413204361680612,0.654539897445549,0.6520615001846934,0.3550981805305107,0.2773075591185363,0.3467644831983153,0.5445938525433768,1527.8892869135343,1497.12113866179,1529.7924578549462,1506.3282272196143,1504.5251626283375,1471.7511337780618,1495.2148862194636,1494.2275737967368,1557.093530059087,1523.1603496718888,1545.8750745745217,1466.9217978418133,1515.9783172568264,1465.941503840474,1516.5322679765304,1459.5987224090647,1470.5706056566926,1503.597889461294,1523.8008806973123,1495.334484240916,1501.6926202269754,1486.1356721049883,1510.1879277495489,1475.3412596855612,1519.9057682810576,1518.8259206197995,1508.6832325119883,1416.878715162646,1559.814375096477,1442.845029862405,1539.8987770404449,1499.6559713634388,1427.3503743571816,1412.432889014974,1467.5630129064527,1464.4528933304036,1527.8892869135343,1497.12113866179,1529.7924578549462,1506.3282272196143,1504.5251626283375,1471.7511337780618,1495.2148862194636,1494.2275737967368,1557.093530059087,1523.1603496718888,1545.8750745745217,1466.9217978418133,1515.9783172568264,1465.941503840474,1516.5322679765304,1459.5987224090647,1470.5706056566926,1503.597889461294,1523.8008806973123,1495.334484240916,1501.6926202269754,1486.1356721049883,1510.1879277495489,1475.3412596855612,1519.9057682810576,1518.8259206197995,1508.6832325119883,1416.878715162646,1559.814375096477,1442.845029862405,1539.8987770404449,1499.6559713634388,1427.3503743571816,1412.432889014974,1467.5630129064527,1464.4528933304036,0.5876433043200681,0.5671277503032033,0.5932277520519602,0.5028416829867121,0.5964440202510788,0.7127920469686242,0.640162636749171,0.6582424287645263,0.4060688548948602,0.5812073138524987,0.5446571801910591,0.5989728383087494,0.5031080113783815,0.7421050666672262,0.7935829366964425,0.6137996799995034,0.5428307480778001,0.5089506874225636,0,0,0,0,0,0,0,0,0,0,0,0,0,0,0,0,0,0,6
1278,0,0,0,0,0,0,0,0,0,0,0,0,0,0,0,0,0,0,0,0,0,0,0,0,0,0,0,0,0,0,0,0,0,0,0,0,0,0,0,0,0,0,1394,1642,175.26,172.72,71.0,69.0,0.0,0.0,0.0,0.0,1.0,1.0,1.0,1.0,1.0,1.0,0.0,0.0,0.0,0.0,0.0,0.0,0.0,0.0,2.0,1.0,2.0,1.0,2.0,1.0,0.0,0.0,0.0,0.0,600.0,300.0,600.0,300.0,600.0,300.0,0.0,0.0,0.0,0.0,63.0,41.0,45.0,41.0,48.708181412061975,49.03491914329323,38.097776024805015,40.17858471148053,4.533375874892848,3.8032522137125264,48.708181412061975,49.03491914329323,38.097776024805015,40.17858471148053,4.533375874892848,3.8032522137125264,48.708181412061975,49.03491914329323,38.097776024805015,40.17858471148053,4.533375874892848,3.8032522137125264,49.280551601516336,49.280551601516336,47.1924841369155,47.62410823685692,3.1191623125197534,2.8032522137125264,49.280551601516336,49.280551601516336,47.1924841369155,47.62410823685692,3.1191623125197534,2.8032522137125264,1481.1404823581502,1542.2653577729309,0.3309866141592143,0.6690133858407856,1487.2170565754343,1512.715370147326,1485.391472571759,1519.2163143664454,1531.8381253101202,1509.622751564028,1490.71184007513,1512.8563034784331,1483.1918358994876,1510.2153883171834,1493.5132713255557,1467.0149670064118,1490.0844801074768,1497.2339700962486,1471.4227867303944,1504.5881892870375,1527.4312281160503,1522.046221174797,1487.631780349894,1514.5308336862329,1484.4638284824955,1519.9651342381217,1538.52617512722,1500.1295677757064,1500.1910652381891,1516.3600992761546,1487.376662871753,1507.5663762162555,1484.373524697344,1461.028453628042,1489.4426742087862,1489.491605018875,1478.3472654078137,1505.475616844613,1534.5536039185963,1522.09638999262,1482.4711571363914,1499.1719458332643,,1524.517459571647,1501.6803270180392,,0.4271324994379292,0.4038562377214985,0.5635946913113302,0.436606113780276,0.422841347806234,0.5756821836410383,0.4794337240538144,0.4056854045220255,0.5154943333031403,0.423191190217886,0.3992181485283131,0.6087491297146921,0.453595705340522,0.4421495691269493,0.5667909323923037,0.4998591658113515,0.4225469225319761,0.535793411981823,0.4520788110461093,0.4298979108629053,0.5048362191011959,1491.825641087176,1507.859377854735,1492.5879109529913,1516.125421647271,1457.690138590733,1482.414820190266,1483.658440197087,1504.4055178817453,1524.4163535851656,1507.220446788952,1496.491985894741,1486.3109578884678,1490.5425887507415,1491.8359111806587,1518.3082994897725,1513.1235102559594,1472.472376525912,1510.6408442326033,1505.5399572880149,1492.6976016961787,1502.55677904553,1488.8231229358312,1503.1452380727842,1490.9354504585358,1524.355437774733,1501.0805615458971,1481.2409513832129,1485.2533804597251,1444.6571182669943,1451.8796090057806,1506.8187810050154,1495.492495029555,1457.902180396285,1488.2274237840822,1461.6195045781744,,1491.825641087176,1507.859377854735,1492.5879109529913,1516.125421647271,1457.690138590733,1482.414820190266,1483.658440197087,1504.4055178817453,1524.4163535851656,1507.220446788952,1496.491985894741,1486.3109578884678,1490.5425887507415,1491.8359111806587,1518.3082994897725,1513.1235102559594,1472.472376525912,1510.6408442326033,1505.5399572880149,1492.6976016961787,1502.55677904553,1488.8231229358312,1503.1452380727842,1490.9354504585358,1524.355437774733,1501.0805615458971,1481.2409513832129,1485.2533804597251,1444.6571182669943,1451.8796090057806,1506.8187810050154,1495.492495029555,1457.902180396285,1488.2274237840822,1461.6195045781744,,0.4539817958010633,0.4326651461550409,0.4293133001813577,0.4405674135996607,0.5493327736803343,0.529269850316365,0.4962775875899204,0.5149185935027858,0.3918766247284214,0.5368960811537624,0.5394464931132438,0.5350848395798844,0.5665924898714335,0.4884533540434715,0.4792239701307996,0.5325535567303675,0.4135928599193557,0.3912950512994514,0,0,0,0,0,0,0,0,0,1,1,0,0,1,1,0,1,1,3
1278,0,0,0,0,0,0,0,0,0,0,0,0,0,0,0,0,0,0,0,0,0,0,0,0,0,0,0,0,0,0,0,0,0,0,0,0,0,0,0,0,0,0,1778,1838,193.04,190.5,78.0,78.0,0.0,0.0,0.0,0.0,1.0,0.0,1.0,0.0,1.0,0.0,0.0,0.0,0.0,0.0,0.0,0.0,0.0,0.0,8.0,0.0,7.0,0.0,6.0,0.0,0.0,0.0,0.0,0.0,2281.0,0.0,2088.0,0.0,1800.0,0.0,0.0,0.0,0.0,0.0,147.0,0.0,11.0,0.0,43.28073540535698,49.280551601516336,19.90246224178229,50.0,6.576336330069276,0.0,44.795661025480086,49.280551601516336,20.13912114932935,50.0,6.393660516387676,0.0,46.0099804352126,49.280551601516336,20.40631776812585,50.0,6.197398948106264,0.0,49.280551601516336,49.280551601516336,25.50648417491411,50.0,3.747909205323086,0.0,49.280551601516336,49.280551601516336,25.50648417491411,50.0,3.747909205323086,0.0,1597.6441305994035,1538.2717213781295,0.6645305867099134,0.3354694132900866,1539.444839533258,1514.3909793269231,1541.594760284223,1513.1673897998696,1428.859334955141,,1555.4550885924364,1518.153376653712,1491.681219358004,1480.96918059616,1475.4729600558935,,1523.0902377701868,1513.0287372493951,1553.940650832881,1467.4810162678473,1549.779555924492,1533.1728745291257,1544.699612137075,1515.1493067630988,1545.2102048985253,1513.7562083501005,1463.3941119607994,,1581.5229653073466,1522.6589511390778,1485.4169388101695,1479.3279667432032,1467.2194741502751,,1527.582354980068,1515.7984564707212,1531.5500143533943,1466.544837815612,1535.6335753857038,1533.363963627953,1497.8749124959827,1489.473582807756,1523.482836399575,,1546.2395232276683,1518.6471327005595,0.5716149660318329,0.5810979470738463,0.3059680793013004,0.6057427627281085,0.5307927073124067,0.4298708785817782,0.5289269877501548,0.7301538588449338,0.547652800537465,0.5842416460660705,0.5895553483963758,0.3961720163160658,0.6632244997107242,0.5175182968365813,0.4067541983194601,0.533864860382592,0.6788299132833749,0.506532096094557,0.5241621361389637,0.5671803359964737,0.5787560978269869,1503.0043853355403,1498.6101992995746,1503.6756463676372,1498.9498793506712,1464.611588201231,,1491.5034701469613,1500.011449135273,1516.9149560456806,,1538.4066090501171,,1505.284434900219,1497.3788498855986,1419.4690634925416,,1472.5227840931486,1502.2836230590522,1508.9002002907444,1503.0867734663564,1510.970199487513,1502.756465705839,1521.2742290576502,,1551.2995070358547,1512.3936143773806,1421.29979108627,1488.9804856142025,1399.4303592571832,,1500.537795103704,1508.0480012999813,1431.0466598853177,1469.1084614601425,1487.6893707939446,,1503.0043853355403,1498.6101992995746,1503.6756463676372,1498.9498793506712,1464.611588201231,,1491.5034701469613,1500.011449135273,1516.9149560456806,,1538.4066090501171,,1505.284434900219,1497.3788498855986,1419.4690634925416,,1472.5227840931486,1502.2836230590522,1508.9002002907444,1503.0867734663564,1510.970199487513,1502.756465705839,1521.2742290576502,,1551.2995070358547,1512.3936143773806,1421.29979108627,1488.9804856142025,1399.4303592571832,,1500.537795103704,1508.0480012999813,1431.0466598853177,1469.1084614601425,1487.6893707939446,,0.5126447873319386,0.5135984965398581,0.399529922819168,0.4755316284510184,0.5485318773509075,0.6087765547810634,0.5227384078679763,0.28350395175851,0.4151697113096294,0.5167261440771409,0.523623424710652,0.5609278687690155,0.6101447344455049,0.3144917281699995,0.2390580293285169,0.4783973459159605,0.3921693167673541,0.4646263558896082,0,0,0,0,0,0,0,0,1,0,0,0,1,0,0,0,1,0,9
1278,0,0,0,0,0,0,0,0,0,0,0,0,0,0,0,0,0,0,0,0,0,0,0,0,0,0,0,0,0,0,0,0,0,0,0,0,0,0,0,0,0,0,1526,1530,175.26,170.18,69.0,71.0,0.0,0.0,0.0,0.0,0.0,1.0,0.0,1.0,0.0,1.0,0.0,0.0,0.0,0.0,0.0,0.0,0.0,0.0,0.0,2.0,0.0,1.0,0.0,1.0,0.0,0.0,0.0,0.0,0.0,588.0,0.0,300.0,0.0,300.0,0.0,0.0,0.0,0.0,0.0,56.0,0.0,25.0,49.280551601516336,48.708181412061975,50.0,29.74896168531949,0.0,4.446502013249008,49.280551601516336,49.03491914329323,50.0,31.297587408606045,0.0,4.032288450875913,49.280551601516336,49.03491914329323,50.0,31.297587408606045,0.0,4.032288450875913,49.280551601516336,49.280551601516336,50.0,36.27100002499572,0.0,3.032288450875913,49.280551601516336,49.280551601516336,50.0,36.27100002499572,0.0,3.032288450875913,1517.6135940277095,1525.2912899212008,0.4779161918951868,0.5220838081048131,1500.666358642575,1528.1277936997471,1512.2032629109872,1526.0221184277314,1530.5186510896494,1565.4948551368254,1501.0194125229164,1530.84129503369,1498.0273961952023,1468.5490589401848,1498.0790751123095,1504.1589548240247,1496.1973868267016,1491.2791880253685,,1481.3783744534044,1522.7701179652738,1538.467955095937,1509.785904504373,1528.6561167450373,1517.7309090213053,1522.8051087772192,1530.4016961502252,1568.2511170473863,1522.8062979135054,1532.9136457819327,1520.77219263059,1470.277491592581,1498.6862528682611,1505.8424970116455,1506.2069876340452,1503.9767828352888,,1480.2832029244487,1523.2222196942053,1540.1572679956057,1529.4630510572276,1556.3627378490464,1524.6402758007582,1547.1526819589155,,,0.4216115144711658,0.4603098190265762,0.4006689886803763,0.4149990814439728,0.5840403711612125,0.4825078409882027,0.5141519331582757,0.5533929955573829,0.4549405726552007,0.4458997818850183,0.4853994312281243,0.3927523203595524,0.4709414966655262,0.6413760797879939,0.4794143169555157,0.5064186927731456,0.5565070700860113,0.4514108379713022,0.4231894100127475,0.4355643946704154,0.5,1512.6118923232248,1526.36627817181,1516.2127500456195,1522.3664392669475,1524.6402758007582,1549.147664984885,1509.120250655659,1526.1451640140408,1522.4966870305664,1505.5988707350114,1514.0845993787743,1520.4377380041954,1512.9881088341035,1507.8685939186744,,1485.685648736355,1507.7717045778545,1508.8255248107585,1507.5468737998974,1497.5229660646803,1507.7041055534814,1470.1412721953398,,,1522.2285210538,1504.4972755086226,1521.324552215267,1456.517675739574,1489.34167065234,1452.621738410759,1507.4881624405105,1502.4762689225704,,1472.66918494979,,1459.2525947998015,1512.6118923232248,1526.36627817181,1516.2127500456195,1522.3664392669475,1524.6402758007582,1549.147664984885,1509.120250655659,1526.1451640140408,1522.4966870305664,1505.5988707350114,1514.0845993787743,1520.4377380041954,1512.9881088341035,1507.8685939186744,,1485.685648736355,1507.7717045778545,1508.8255248107585,1507.5468737998974,1497.5229660646803,1507.7041055534814,1470.1412721953398,,,1522.2285210538,1504.4972755086226,1521.324552215267,1456.517675739574,1489.34167065234,1452.621738410759,1507.4881624405105,1502.4762689225704,,1472.66918494979,,1459.2525947998015,0.4604942138215895,0.48229566331601,0.4299263262366374,0.4511546410645957,0.5484830094933657,0.4817223450879933,0.5147308840733769,0.5411070212103177,0.4969668987569376,0.5288191478239141,0.606460487168962,0.5,0.5508581340405008,0.6783319678414774,0.6041420321480122,0.5144213880518343,0.5780217283579219,0.615175886401261,0,0,0,0,0,0,0,0,0,0,0,0,0,0,0,0,0,0,4
